dataset_folder,file,bytes,modified_local,licence,consumed_by_code
.,download.log,12076,2026-09-02 18:48,공공누리 제4유형 (출처표시·상업적 이용금지·변경금지),no
유역별_500년_빈도_국가하천_하천범람지도,RFM_SBSN_NTN_1001_500.zip,6899309,2026-09-02 18:47,공공누리 제4유형 (출처표시·상업적 이용금지·변경금지),no
유역별_500년_빈도_국가하천_하천범람지도,RFM_SBSN_NTN_1002_500.zip,4707497,2026-09-02 18:47,공공누리 제4유형 (출처표시·상업적 이용금지·변경금지),no
유역별_500년_빈도_국가하천_하천범람지도,RFM_SBSN_NTN_1003_500.zip,15067365,2026-09-02 18:47,공공누리 제4유형 (출처표시·상업적 이용금지·변경금지),no
유역별_500년_빈도_국가하천_하천범람지도,RFM_SBSN_NTN_1004_500.zip,17613965,2026-09-02 18:47,공공누리 제4유형 (출처표시·상업적 이용금지·변경금지),no
유역별_500년_빈도_국가하천_하천범람지도,RFM_SBSN_NTN_1005_500.zip,34179473,2026-09-02 18:47,공공누리 제4유형 (출처표시·상업적 이용금지·변경금지),no
유역별_500년_빈도_국가하천_하천범람지도,RFM_SBSN_NTN_1006_500.zip,56049389,2026-09-02 18:47,공공누리 제4유형 (출처표시·상업적 이용금지·변경금지),no
유역별_500년_빈도_국가하천_하천범람지도,RFM_SBSN_NTN_1007_500.zip,114492865,2026-09-02 18:47,공공누리 제4유형 (출처표시·상업적 이용금지·변경금지),no
유역별_500년_빈도_국가하천_하천범람지도,RFM_SBSN_NTN_1010_500.zip,2084193,2026-09-02 18:48,공공누리 제4유형 (출처표시·상업적 이용금지·변경금지),no
유역별_500년_빈도_국가하천_하천범람지도,RFM_SBSN_NTN_1012_500.zip,300789,2026-09-02 18:48,공공누리 제4유형 (출처표시·상업적 이용금지·변경금지),no
유역별_500년_빈도_국가하천_하천범람지도,RFM_SBSN_NTN_1013_500.zip,4172801,2026-09-02 18:48,공공누리 제4유형 (출처표시·상업적 이용금지·변경금지),no
유역별_500년_빈도_국가하천_하천범람지도,RFM_SBSN_NTN_1014_500.zip,7067573,2026-09-02 18:47,공공누리 제4유형 (출처표시·상업적 이용금지·변경금지),no
유역별_500년_빈도_국가하천_하천범람지도,RFM_SBSN_NTN_1015_500.zip,106001,2026-09-02 18:47,공공누리 제4유형 (출처표시·상업적 이용금지·변경금지),no
유역별_500년_빈도_국가하천_하천범람지도,RFM_SBSN_NTN_1016_500.zip,1121593,2026-09-02 18:47,공공누리 제4유형 (출처표시·상업적 이용금지·변경금지),no
유역별_500년_빈도_국가하천_하천범람지도,RFM_SBSN_NTN_1017_500.zip,67293,2026-09-02 18:48,공공누리 제4유형 (출처표시·상업적 이용금지·변경금지),no
유역별_500년_빈도_국가하천_하천범람지도,RFM_SBSN_NTN_1018_500.zip,14583701,2026-09-02 18:47,공공누리 제4유형 (출처표시·상업적 이용금지·변경금지),no
유역별_500년_빈도_국가하천_하천범람지도,RFM_SBSN_NTN_1019_500.zip,31400381,2026-09-02 18:47,공공누리 제4유형 (출처표시·상업적 이용금지·변경금지),no
유역별_500년_빈도_국가하천_하천범람지도,RFM_SBSN_NTN_1021_500.zip,257797,2026-09-02 18:48,공공누리 제4유형 (출처표시·상업적 이용금지·변경금지),no
유역별_500년_빈도_국가하천_하천범람지도,RFM_SBSN_NTN_1022_500.zip,10093,2026-09-02 18:48,공공누리 제4유형 (출처표시·상업적 이용금지·변경금지),no
유역별_500년_빈도_국가하천_하천범람지도,RFM_SBSN_NTN_1023_500.zip,2514877,2026-09-02 18:48,공공누리 제4유형 (출처표시·상업적 이용금지·변경금지),no
유역별_500년_빈도_국가하천_하천범람지도,RFM_SBSN_NTN_1101_500.zip,191306261,2026-09-02 18:45,공공누리 제4유형 (출처표시·상업적 이용금지·변경금지),no
유역별_500년_빈도_국가하천_하천범람지도,RFM_SBSN_NTN_1201_500.zip,88337,2026-09-02 18:47,공공누리 제4유형 (출처표시·상업적 이용금지·변경금지),no
유역별_500년_빈도_국가하천_하천범람지도,RFM_SBSN_NTN_2001_500.zip,3341,2026-09-02 18:47,공공누리 제4유형 (출처표시·상업적 이용금지·변경금지),no
유역별_500년_빈도_국가하천_하천범람지도,RFM_SBSN_NTN_2002_500.zip,1047221,2026-09-02 18:47,공공누리 제4유형 (출처표시·상업적 이용금지·변경금지),no
유역별_500년_빈도_국가하천_하천범람지도,RFM_SBSN_NTN_2003_500.zip,6285557,2026-09-02 18:47,공공누리 제4유형 (출처표시·상업적 이용금지·변경금지),no
유역별_500년_빈도_국가하천_하천범람지도,RFM_SBSN_NTN_2004_500.zip,4938085,2026-09-02 18:47,공공누리 제4유형 (출처표시·상업적 이용금지·변경금지),no
유역별_500년_빈도_국가하천_하천범람지도,RFM_SBSN_NTN_2005_500.zip,136253,2026-09-02 18:47,공공누리 제4유형 (출처표시·상업적 이용금지·변경금지),no
유역별_500년_빈도_국가하천_하천범람지도,RFM_SBSN_NTN_2006_500.zip,4381,2026-09-02 18:47,공공누리 제4유형 (출처표시·상업적 이용금지·변경금지),no
유역별_500년_빈도_국가하천_하천범람지도,RFM_SBSN_NTN_2007_500.zip,2454413,2026-09-02 18:47,공공누리 제4유형 (출처표시·상업적 이용금지·변경금지),no
유역별_500년_빈도_국가하천_하천범람지도,RFM_SBSN_NTN_2008_500.zip,8265,2026-09-02 18:47,공공누리 제4유형 (출처표시·상업적 이용금지·변경금지),no
유역별_500년_빈도_국가하천_하천범람지도,RFM_SBSN_NTN_2009_500.zip,1118445,2026-09-02 18:47,공공누리 제4유형 (출처표시·상업적 이용금지·변경금지),no
유역별_500년_빈도_국가하천_하천범람지도,RFM_SBSN_NTN_2010_500.zip,9008825,2026-09-02 18:47,공공누리 제4유형 (출처표시·상업적 이용금지·변경금지),no
유역별_500년_빈도_국가하천_하천범람지도,RFM_SBSN_NTN_2011_500.zip,7398089,2026-09-02 18:47,공공누리 제4유형 (출처표시·상업적 이용금지·변경금지),no
유역별_500년_빈도_국가하천_하천범람지도,RFM_SBSN_NTN_2012_500.zip,15288369,2026-09-02 18:47,공공누리 제4유형 (출처표시·상업적 이용금지·변경금지),no
유역별_500년_빈도_국가하천_하천범람지도,RFM_SBSN_NTN_2013_500.zip,298341,2026-09-02 18:47,공공누리 제4유형 (출처표시·상업적 이용금지·변경금지),no
유역별_500년_빈도_국가하천_하천범람지도,RFM_SBSN_NTN_2014_500.zip,8098205,2026-09-02 18:47,공공누리 제4유형 (출처표시·상업적 이용금지·변경금지),no
유역별_500년_빈도_국가하천_하천범람지도,RFM_SBSN_NTN_2015_500.zip,401721,2026-09-02 18:47,공공누리 제4유형 (출처표시·상업적 이용금지·변경금지),no
유역별_500년_빈도_국가하천_하천범람지도,RFM_SBSN_NTN_2016_500.zip,2664453,2026-09-02 18:47,공공누리 제4유형 (출처표시·상업적 이용금지·변경금지),no
유역별_500년_빈도_국가하천_하천범람지도,RFM_SBSN_NTN_2017_500.zip,3845073,2026-09-02 18:47,공공누리 제4유형 (출처표시·상업적 이용금지·변경금지),no
유역별_500년_빈도_국가하천_하천범람지도,RFM_SBSN_NTN_2018_500.zip,3376301,2026-09-02 18:47,공공누리 제4유형 (출처표시·상업적 이용금지·변경금지),no
유역별_500년_빈도_국가하천_하천범람지도,RFM_SBSN_NTN_2019_500.zip,15263525,2026-09-02 18:47,공공누리 제4유형 (출처표시·상업적 이용금지·변경금지),no
유역별_500년_빈도_국가하천_하천범람지도,RFM_SBSN_NTN_2020_500.zip,9973573,2026-09-02 18:47,공공누리 제4유형 (출처표시·상업적 이용금지·변경금지),no
유역별_500년_빈도_국가하천_하천범람지도,RFM_SBSN_NTN_2021_500.zip,13513705,2026-09-02 18:46,공공누리 제4유형 (출처표시·상업적 이용금지·변경금지),no
유역별_500년_빈도_국가하천_하천범람지도,RFM_SBSN_NTN_2022_500.zip,9111977,2026-09-02 18:47,공공누리 제4유형 (출처표시·상업적 이용금지·변경금지),no
유역별_500년_빈도_국가하천_하천범람지도,RFM_SBSN_NTN_2101_500.zip,21456341,2026-09-02 18:46,공공누리 제4유형 (출처표시·상업적 이용금지·변경금지),no
유역별_500년_빈도_국가하천_하천범람지도,RFM_SBSN_NTN_2201_500.zip,20395441,2026-09-02 18:46,공공누리 제4유형 (출처표시·상업적 이용금지·변경금지),no
유역별_500년_빈도_국가하천_하천범람지도,RFM_SBSN_NTN_2301_500.zip,14977413,2026-09-02 18:46,공공누리 제4유형 (출처표시·상업적 이용금지·변경금지),no
유역별_500년_빈도_국가하천_하천범람지도,RFM_SBSN_NTN_2302_500.zip,2793389,2026-09-02 18:46,공공누리 제4유형 (출처표시·상업적 이용금지·변경금지),no
유역별_500년_빈도_국가하천_하천범람지도,RFM_SBSN_NTN_2402_500.zip,1032857,2026-09-02 18:46,공공누리 제4유형 (출처표시·상업적 이용금지·변경금지),no
유역별_500년_빈도_국가하천_하천범람지도,RFM_SBSN_NTN_2403_500.zip,65645,2026-09-02 18:45,공공누리 제4유형 (출처표시·상업적 이용금지·변경금지),no
유역별_500년_빈도_국가하천_하천범람지도,RFM_SBSN_NTN_2501_500.zip,3782221,2026-09-02 18:47,공공누리 제4유형 (출처표시·상업적 이용금지·변경금지),no
유역별_500년_빈도_국가하천_하천범람지도,RFM_SBSN_NTN_2504_500.zip,3630725,2026-09-02 18:45,공공누리 제4유형 (출처표시·상업적 이용금지·변경금지),no
유역별_500년_빈도_국가하천_하천범람지도,RFM_SBSN_NTN_3002_500.zip,332841,2026-09-02 18:47,공공누리 제4유형 (출처표시·상업적 이용금지·변경금지),no
유역별_500년_빈도_국가하천_하천범람지도,RFM_SBSN_NTN_3003_500.zip,31525,2026-09-02 18:47,공공누리 제4유형 (출처표시·상업적 이용금지·변경금지),no
유역별_500년_빈도_국가하천_하천범람지도,RFM_SBSN_NTN_3004_500.zip,2046025,2026-09-02 18:47,공공누리 제4유형 (출처표시·상업적 이용금지·변경금지),no
유역별_500년_빈도_국가하천_하천범람지도,RFM_SBSN_NTN_3005_500.zip,76833,2026-09-02 18:47,공공누리 제4유형 (출처표시·상업적 이용금지·변경금지),no
유역별_500년_빈도_국가하천_하천범람지도,RFM_SBSN_NTN_3006_500.zip,720441,2026-09-02 18:47,공공누리 제4유형 (출처표시·상업적 이용금지·변경금지),no
유역별_500년_빈도_국가하천_하천범람지도,RFM_SBSN_NTN_3008_500.zip,1892497,2026-09-02 18:45,공공누리 제4유형 (출처표시·상업적 이용금지·변경금지),no
유역별_500년_빈도_국가하천_하천범람지도,RFM_SBSN_NTN_3009_500.zip,16650061,2026-09-02 18:45,공공누리 제4유형 (출처표시·상업적 이용금지·변경금지),no
유역별_500년_빈도_국가하천_하천범람지도,RFM_SBSN_NTN_3010_500.zip,5296365,2026-09-02 18:46,공공누리 제4유형 (출처표시·상업적 이용금지·변경금지),no
유역별_500년_빈도_국가하천_하천범람지도,RFM_SBSN_NTN_3011_500.zip,172845905,2026-09-02 18:46,공공누리 제4유형 (출처표시·상업적 이용금지·변경금지),no
유역별_500년_빈도_국가하천_하천범람지도,RFM_SBSN_NTN_3012_500.zip,47652725,2026-09-02 18:46,공공누리 제4유형 (출처표시·상업적 이용금지·변경금지),no
유역별_500년_빈도_국가하천_하천범람지도,RFM_SBSN_NTN_3013_500.zip,14502873,2026-09-02 18:46,공공누리 제4유형 (출처표시·상업적 이용금지·변경금지),no
유역별_500년_빈도_국가하천_하천범람지도,RFM_SBSN_NTN_3014_500.zip,40880669,2026-09-02 18:46,공공누리 제4유형 (출처표시·상업적 이용금지·변경금지),no
유역별_500년_빈도_국가하천_하천범람지도,RFM_SBSN_NTN_3101_500.zip,181563609,2026-09-02 18:46,공공누리 제4유형 (출처표시·상업적 이용금지·변경금지),no
유역별_500년_빈도_국가하천_하천범람지도,RFM_SBSN_NTN_3203_500.zip,10824969,2026-09-02 18:45,공공누리 제4유형 (출처표시·상업적 이용금지·변경금지),no
유역별_500년_빈도_국가하천_하천범람지도,RFM_SBSN_NTN_3301_500.zip,28107569,2026-09-02 18:47,공공누리 제4유형 (출처표시·상업적 이용금지·변경금지),no
유역별_500년_빈도_국가하천_하천범람지도,RFM_SBSN_NTN_3302_500.zip,224193065,2026-09-02 18:45,공공누리 제4유형 (출처표시·상업적 이용금지·변경금지),no
유역별_500년_빈도_국가하천_하천범람지도,RFM_SBSN_NTN_3303_500.zip,3925185,2026-09-02 18:47,공공누리 제4유형 (출처표시·상업적 이용금지·변경금지),no
유역별_500년_빈도_국가하천_하천범람지도,RFM_SBSN_NTN_4002_500.zip,2372061,2026-09-02 18:47,공공누리 제4유형 (출처표시·상업적 이용금지·변경금지),no
유역별_500년_빈도_국가하천_하천범람지도,RFM_SBSN_NTN_4003_500.zip,48993,2026-09-02 18:48,공공누리 제4유형 (출처표시·상업적 이용금지·변경금지),no
유역별_500년_빈도_국가하천_하천범람지도,RFM_SBSN_NTN_4004_500.zip,6657065,2026-09-02 18:48,공공누리 제4유형 (출처표시·상업적 이용금지·변경금지),no
유역별_500년_빈도_국가하천_하천범람지도,RFM_SBSN_NTN_4005_500.zip,7524445,2026-09-02 18:48,공공누리 제4유형 (출처표시·상업적 이용금지·변경금지),no
유역별_500년_빈도_국가하천_하천범람지도,RFM_SBSN_NTN_4006_500.zip,3841193,2026-09-02 18:47,공공누리 제4유형 (출처표시·상업적 이용금지·변경금지),no
유역별_500년_빈도_국가하천_하천범람지도,RFM_SBSN_NTN_4008_500.zip,5449557,2026-09-02 18:47,공공누리 제4유형 (출처표시·상업적 이용금지·변경금지),no
유역별_500년_빈도_국가하천_하천범람지도,RFM_SBSN_NTN_4009_500.zip,16972605,2026-09-02 18:47,공공누리 제4유형 (출처표시·상업적 이용금지·변경금지),no
유역별_500년_빈도_국가하천_하천범람지도,RFM_SBSN_NTN_4101_500.zip,880993,2026-09-02 18:47,공공누리 제4유형 (출처표시·상업적 이용금지·변경금지),no
유역별_500년_빈도_국가하천_하천범람지도,RFM_SBSN_NTN_4105_500.zip,240361,2026-09-02 18:48,공공누리 제4유형 (출처표시·상업적 이용금지·변경금지),no
유역별_500년_빈도_국가하천_하천범람지도,RFM_SBSN_NTN_5001_500.zip,66884421,2026-09-02 18:46,공공누리 제4유형 (출처표시·상업적 이용금지·변경금지),no
유역별_500년_빈도_국가하천_하천범람지도,RFM_SBSN_NTN_5002_500.zip,4848509,2026-09-02 18:46,공공누리 제4유형 (출처표시·상업적 이용금지·변경금지),no
유역별_500년_빈도_국가하천_하천범람지도,RFM_SBSN_NTN_5003_500.zip,54625545,2026-09-02 18:46,공공누리 제4유형 (출처표시·상업적 이용금지·변경금지),no
유역별_500년_빈도_국가하천_하천범람지도,RFM_SBSN_NTN_5004_500.zip,78413757,2026-09-02 18:46,공공누리 제4유형 (출처표시·상업적 이용금지·변경금지),no
유역별_500년_빈도_국가하천_하천범람지도,RFM_SBSN_NTN_5005_500.zip,13297317,2026-09-02 18:45,공공누리 제4유형 (출처표시·상업적 이용금지·변경금지),no
유역별_500년_빈도_국가하천_하천범람지도,RFM_SBSN_NTN_5006_500.zip,67346441,2026-09-02 18:46,공공누리 제4유형 (출처표시·상업적 이용금지·변경금지),no
유역별_500년_빈도_국가하천_하천범람지도,RFM_SBSN_NTN_5007_500.zip,10431841,2026-09-02 18:46,공공누리 제4유형 (출처표시·상업적 이용금지·변경금지),no
유역별_500년_빈도_국가하천_하천범람지도,RFM_SBSN_NTN_5008_500.zip,41152837,2026-09-02 18:46,공공누리 제4유형 (출처표시·상업적 이용금지·변경금지),no
유역별_500년_빈도_국가하천_하천범람지도,RFM_SBSN_NTN_5101_500.zip,25121949,2026-09-02 18:48,공공누리 제4유형 (출처표시·상업적 이용금지·변경금지),no
유역별_500년_빈도_국가하천_하천범람지도,RFM_SBSN_NTN_5202_500.zip,3097,2026-09-02 18:46,공공누리 제4유형 (출처표시·상업적 이용금지·변경금지),no
유역별_200년_빈도_국가하천_하천범람지도,RFM_SBSN_NTN_1001_200.zip,2838577,2026-09-02 18:43,공공누리 제4유형 (출처표시·상업적 이용금지·변경금지),no
유역별_200년_빈도_국가하천_하천범람지도,RFM_SBSN_NTN_1002_200.zip,1964433,2026-09-02 18:44,공공누리 제4유형 (출처표시·상업적 이용금지·변경금지),no
유역별_200년_빈도_국가하천_하천범람지도,RFM_SBSN_NTN_1003_200.zip,11770169,2026-09-02 18:44,공공누리 제4유형 (출처표시·상업적 이용금지·변경금지),no
유역별_200년_빈도_국가하천_하천범람지도,RFM_SBSN_NTN_1004_200.zip,17903649,2026-09-02 18:44,공공누리 제4유형 (출처표시·상업적 이용금지·변경금지),no
유역별_200년_빈도_국가하천_하천범람지도,RFM_SBSN_NTN_1005_200.zip,31888901,2026-09-02 18:44,공공누리 제4유형 (출처표시·상업적 이용금지·변경금지),no
유역별_200년_빈도_국가하천_하천범람지도,RFM_SBSN_NTN_1006_200.zip,49559289,2026-09-02 18:44,공공누리 제4유형 (출처표시·상업적 이용금지·변경금지),no
유역별_200년_빈도_국가하천_하천범람지도,RFM_SBSN_NTN_1007_200.zip,105059977,2026-09-02 18:44,공공누리 제4유형 (출처표시·상업적 이용금지·변경금지),no
유역별_200년_빈도_국가하천_하천범람지도,RFM_SBSN_NTN_1010_200.zip,1644977,2026-09-02 18:44,공공누리 제4유형 (출처표시·상업적 이용금지·변경금지),no
유역별_200년_빈도_국가하천_하천범람지도,RFM_SBSN_NTN_1012_200.zip,183321,2026-09-02 18:44,공공누리 제4유형 (출처표시·상업적 이용금지·변경금지),no
유역별_200년_빈도_국가하천_하천범람지도,RFM_SBSN_NTN_1013_200.zip,3498361,2026-09-02 18:44,공공누리 제4유형 (출처표시·상업적 이용금지·변경금지),no
유역별_200년_빈도_국가하천_하천범람지도,RFM_SBSN_NTN_1014_200.zip,5555781,2026-09-02 18:44,공공누리 제4유형 (출처표시·상업적 이용금지·변경금지),no
유역별_200년_빈도_국가하천_하천범람지도,RFM_SBSN_NTN_1016_200.zip,873077,2026-09-02 18:44,공공누리 제4유형 (출처표시·상업적 이용금지·변경금지),no
유역별_200년_빈도_국가하천_하천범람지도,RFM_SBSN_NTN_1017_200.zip,46337,2026-09-02 18:44,공공누리 제4유형 (출처표시·상업적 이용금지·변경금지),no
유역별_200년_빈도_국가하천_하천범람지도,RFM_SBSN_NTN_1018_200.zip,13396713,2026-09-02 18:44,공공누리 제4유형 (출처표시·상업적 이용금지·변경금지),no
유역별_200년_빈도_국가하천_하천범람지도,RFM_SBSN_NTN_1019_200.zip,17519053,2026-09-02 18:44,공공누리 제4유형 (출처표시·상업적 이용금지·변경금지),no
유역별_200년_빈도_국가하천_하천범람지도,RFM_SBSN_NTN_1021_200.zip,233441,2026-09-02 18:44,공공누리 제4유형 (출처표시·상업적 이용금지·변경금지),no
유역별_200년_빈도_국가하천_하천범람지도,RFM_SBSN_NTN_1022_200.zip,1036025,2026-09-02 18:42,공공누리 제4유형 (출처표시·상업적 이용금지·변경금지),no
유역별_200년_빈도_국가하천_하천범람지도,RFM_SBSN_NTN_1023_200.zip,2487349,2026-09-02 18:44,공공누리 제4유형 (출처표시·상업적 이용금지·변경금지),no
유역별_200년_빈도_국가하천_하천범람지도,RFM_SBSN_NTN_1101_200.zip,202292825,2026-09-02 18:42,공공누리 제4유형 (출처표시·상업적 이용금지·변경금지),no
유역별_200년_빈도_국가하천_하천범람지도,RFM_SBSN_NTN_1201_200.zip,33597,2026-09-02 18:44,공공누리 제4유형 (출처표시·상업적 이용금지·변경금지),no
유역별_200년_빈도_국가하천_하천범람지도,RFM_SBSN_NTN_1202_200.zip,2586,2026-09-02 18:43,공공누리 제4유형 (출처표시·상업적 이용금지·변경금지),no
유역별_200년_빈도_국가하천_하천범람지도,RFM_SBSN_NTN_2001_200.zip,3205,2026-09-02 18:44,공공누리 제4유형 (출처표시·상업적 이용금지·변경금지),no
유역별_200년_빈도_국가하천_하천범람지도,RFM_SBSN_NTN_2002_200.zip,852045,2026-09-02 18:44,공공누리 제4유형 (출처표시·상업적 이용금지·변경금지),no
유역별_200년_빈도_국가하천_하천범람지도,RFM_SBSN_NTN_2003_200.zip,6461473,2026-09-02 18:44,공공누리 제4유형 (출처표시·상업적 이용금지·변경금지),no
유역별_200년_빈도_국가하천_하천범람지도,RFM_SBSN_NTN_2004_200.zip,4834165,2026-09-02 18:44,공공누리 제4유형 (출처표시·상업적 이용금지·변경금지),no
유역별_200년_빈도_국가하천_하천범람지도,RFM_SBSN_NTN_2005_200.zip,145909,2026-09-02 18:44,공공누리 제4유형 (출처표시·상업적 이용금지·변경금지),no
유역별_200년_빈도_국가하천_하천범람지도,RFM_SBSN_NTN_2006_200.zip,3361,2026-09-02 18:44,공공누리 제4유형 (출처표시·상업적 이용금지·변경금지),no
유역별_200년_빈도_국가하천_하천범람지도,RFM_SBSN_NTN_2007_200.zip,1938209,2026-09-02 18:44,공공누리 제4유형 (출처표시·상업적 이용금지·변경금지),no
유역별_200년_빈도_국가하천_하천범람지도,RFM_SBSN_NTN_2008_200.zip,9117,2026-09-02 18:44,공공누리 제4유형 (출처표시·상업적 이용금지·변경금지),no
유역별_200년_빈도_국가하천_하천범람지도,RFM_SBSN_NTN_2009_200.zip,866785,2026-09-02 18:44,공공누리 제4유형 (출처표시·상업적 이용금지·변경금지),no
유역별_200년_빈도_국가하천_하천범람지도,RFM_SBSN_NTN_2010_200.zip,9105389,2026-09-02 18:44,공공누리 제4유형 (출처표시·상업적 이용금지·변경금지),no
유역별_200년_빈도_국가하천_하천범람지도,RFM_SBSN_NTN_2011_200.zip,6883261,2026-09-02 18:44,공공누리 제4유형 (출처표시·상업적 이용금지·변경금지),no
유역별_200년_빈도_국가하천_하천범람지도,RFM_SBSN_NTN_2012_200.zip,13982725,2026-09-02 18:44,공공누리 제4유형 (출처표시·상업적 이용금지·변경금지),no
유역별_200년_빈도_국가하천_하천범람지도,RFM_SBSN_NTN_2013_200.zip,300229,2026-09-02 18:44,공공누리 제4유형 (출처표시·상업적 이용금지·변경금지),no
유역별_200년_빈도_국가하천_하천범람지도,RFM_SBSN_NTN_2014_200.zip,7890957,2026-09-02 18:44,공공누리 제4유형 (출처표시·상업적 이용금지·변경금지),no
유역별_200년_빈도_국가하천_하천범람지도,RFM_SBSN_NTN_2015_200.zip,317949,2026-09-02 18:44,공공누리 제4유형 (출처표시·상업적 이용금지·변경금지),no
유역별_200년_빈도_국가하천_하천범람지도,RFM_SBSN_NTN_2016_200.zip,2575005,2026-09-02 18:44,공공누리 제4유형 (출처표시·상업적 이용금지·변경금지),no
유역별_200년_빈도_국가하천_하천범람지도,RFM_SBSN_NTN_2017_200.zip,3763149,2026-09-02 18:44,공공누리 제4유형 (출처표시·상업적 이용금지·변경금지),no
유역별_200년_빈도_국가하천_하천범람지도,RFM_SBSN_NTN_2018_200.zip,3148961,2026-09-02 18:44,공공누리 제4유형 (출처표시·상업적 이용금지·변경금지),no
유역별_200년_빈도_국가하천_하천범람지도,RFM_SBSN_NTN_2019_200.zip,14794213,2026-09-02 18:44,공공누리 제4유형 (출처표시·상업적 이용금지·변경금지),no
유역별_200년_빈도_국가하천_하천범람지도,RFM_SBSN_NTN_2020_200.zip,10664693,2026-09-02 18:43,공공누리 제4유형 (출처표시·상업적 이용금지·변경금지),no
유역별_200년_빈도_국가하천_하천범람지도,RFM_SBSN_NTN_2021_200.zip,12179185,2026-09-02 18:42,공공누리 제4유형 (출처표시·상업적 이용금지·변경금지),no
유역별_200년_빈도_국가하천_하천범람지도,RFM_SBSN_NTN_2022_200.zip,8797609,2026-09-02 18:44,공공누리 제4유형 (출처표시·상업적 이용금지·변경금지),no
유역별_200년_빈도_국가하천_하천범람지도,RFM_SBSN_NTN_2201_200.zip,2506633,2026-09-02 18:44,공공누리 제4유형 (출처표시·상업적 이용금지·변경금지),no
유역별_200년_빈도_국가하천_하천범람지도,RFM_SBSN_NTN_2302_200.zip,2211049,2026-09-02 18:43,공공누리 제4유형 (출처표시·상업적 이용금지·변경금지),no
유역별_200년_빈도_국가하천_하천범람지도,RFM_SBSN_NTN_2403_200.zip,4989,2026-09-02 18:44,공공누리 제4유형 (출처표시·상업적 이용금지·변경금지),no
유역별_200년_빈도_국가하천_하천범람지도,RFM_SBSN_NTN_2501_200.zip,3772309,2026-09-02 18:44,공공누리 제4유형 (출처표시·상업적 이용금지·변경금지),no
유역별_200년_빈도_국가하천_하천범람지도,RFM_SBSN_NTN_2504_200.zip,3158805,2026-09-02 18:42,공공누리 제4유형 (출처표시·상업적 이용금지·변경금지),no
유역별_200년_빈도_국가하천_하천범람지도,RFM_SBSN_NTN_3002_200.zip,307957,2026-09-02 18:43,공공누리 제4유형 (출처표시·상업적 이용금지·변경금지),no
유역별_200년_빈도_국가하천_하천범람지도,RFM_SBSN_NTN_3003_200.zip,39505,2026-09-02 18:43,공공누리 제4유형 (출처표시·상업적 이용금지·변경금지),no
유역별_200년_빈도_국가하천_하천범람지도,RFM_SBSN_NTN_3004_200.zip,2072357,2026-09-02 18:43,공공누리 제4유형 (출처표시·상업적 이용금지·변경금지),no
유역별_200년_빈도_국가하천_하천범람지도,RFM_SBSN_NTN_3005_200.zip,81773,2026-09-02 18:43,공공누리 제4유형 (출처표시·상업적 이용금지·변경금지),no
유역별_200년_빈도_국가하천_하천범람지도,RFM_SBSN_NTN_3006_200.zip,747593,2026-09-02 18:43,공공누리 제4유형 (출처표시·상업적 이용금지·변경금지),no
유역별_200년_빈도_국가하천_하천범람지도,RFM_SBSN_NTN_3008_200.zip,1459617,2026-09-02 18:42,공공누리 제4유형 (출처표시·상업적 이용금지·변경금지),no
유역별_200년_빈도_국가하천_하천범람지도,RFM_SBSN_NTN_3009_200.zip,16638721,2026-09-02 18:42,공공누리 제4유형 (출처표시·상업적 이용금지·변경금지),no
유역별_200년_빈도_국가하천_하천범람지도,RFM_SBSN_NTN_3010_200.zip,4872485,2026-09-02 18:43,공공누리 제4유형 (출처표시·상업적 이용금지·변경금지),no
유역별_200년_빈도_국가하천_하천범람지도,RFM_SBSN_NTN_3011_200.zip,162809973,2026-09-02 18:42,공공누리 제4유형 (출처표시·상업적 이용금지·변경금지),no
유역별_200년_빈도_국가하천_하천범람지도,RFM_SBSN_NTN_3012_200.zip,45474281,2026-09-02 18:43,공공누리 제4유형 (출처표시·상업적 이용금지·변경금지),no
유역별_200년_빈도_국가하천_하천범람지도,RFM_SBSN_NTN_3013_200.zip,16026549,2026-09-02 18:43,공공누리 제4유형 (출처표시·상업적 이용금지·변경금지),no
유역별_200년_빈도_국가하천_하천범람지도,RFM_SBSN_NTN_3014_200.zip,40163377,2026-09-02 18:43,공공누리 제4유형 (출처표시·상업적 이용금지·변경금지),no
유역별_200년_빈도_국가하천_하천범람지도,RFM_SBSN_NTN_3101_200.zip,174498305,2026-09-02 18:43,공공누리 제4유형 (출처표시·상업적 이용금지·변경금지),no
유역별_200년_빈도_국가하천_하천범람지도,RFM_SBSN_NTN_3203_200.zip,10116805,2026-09-02 18:42,공공누리 제4유형 (출처표시·상업적 이용금지·변경금지),no
유역별_200년_빈도_국가하천_하천범람지도,RFM_SBSN_NTN_3301_200.zip,27131441,2026-09-02 18:44,공공누리 제4유형 (출처표시·상업적 이용금지·변경금지),no
유역별_200년_빈도_국가하천_하천범람지도,RFM_SBSN_NTN_3302_200.zip,237476709,2026-09-02 18:42,공공누리 제4유형 (출처표시·상업적 이용금지·변경금지),no
유역별_200년_빈도_국가하천_하천범람지도,RFM_SBSN_NTN_3303_200.zip,1513985,2026-09-02 18:44,공공누리 제4유형 (출처표시·상업적 이용금지·변경금지),no
유역별_200년_빈도_국가하천_하천범람지도,RFM_SBSN_NTN_4002_200.zip,1628381,2026-09-02 18:44,공공누리 제4유형 (출처표시·상업적 이용금지·변경금지),no
유역별_200년_빈도_국가하천_하천범람지도,RFM_SBSN_NTN_4003_200.zip,25533,2026-09-02 18:44,공공누리 제4유형 (출처표시·상업적 이용금지·변경금지),no
유역별_200년_빈도_국가하천_하천범람지도,RFM_SBSN_NTN_4004_200.zip,6462305,2026-09-02 18:44,공공누리 제4유형 (출처표시·상업적 이용금지·변경금지),no
유역별_200년_빈도_국가하천_하천범람지도,RFM_SBSN_NTN_4005_200.zip,7305509,2026-09-02 18:44,공공누리 제4유형 (출처표시·상업적 이용금지·변경금지),no
유역별_200년_빈도_국가하천_하천범람지도,RFM_SBSN_NTN_4006_200.zip,3540469,2026-09-02 18:44,공공누리 제4유형 (출처표시·상업적 이용금지·변경금지),no
유역별_200년_빈도_국가하천_하천범람지도,RFM_SBSN_NTN_4008_200.zip,3312301,2026-09-02 18:44,공공누리 제4유형 (출처표시·상업적 이용금지·변경금지),no
유역별_200년_빈도_국가하천_하천범람지도,RFM_SBSN_NTN_4009_200.zip,16209741,2026-09-02 18:44,공공누리 제4유형 (출처표시·상업적 이용금지·변경금지),no
유역별_200년_빈도_국가하천_하천범람지도,RFM_SBSN_NTN_4101_200.zip,790009,2026-09-02 18:44,공공누리 제4유형 (출처표시·상업적 이용금지·변경금지),no
유역별_200년_빈도_국가하천_하천범람지도,RFM_SBSN_NTN_4105_200.zip,253097,2026-09-02 18:44,공공누리 제4유형 (출처표시·상업적 이용금지·변경금지),no
유역별_200년_빈도_국가하천_하천범람지도,RFM_SBSN_NTN_5001_200.zip,56906209,2026-09-02 18:43,공공누리 제4유형 (출처표시·상업적 이용금지·변경금지),no
유역별_200년_빈도_국가하천_하천범람지도,RFM_SBSN_NTN_5002_200.zip,2809533,2026-09-02 18:43,공공누리 제4유형 (출처표시·상업적 이용금지·변경금지),no
유역별_200년_빈도_국가하천_하천범람지도,RFM_SBSN_NTN_5003_200.zip,59118273,2026-09-02 18:43,공공누리 제4유형 (출처표시·상업적 이용금지·변경금지),no
유역별_200년_빈도_국가하천_하천범람지도,RFM_SBSN_NTN_5004_200.zip,66652245,2026-09-02 18:43,공공누리 제4유형 (출처표시·상업적 이용금지·변경금지),no
유역별_200년_빈도_국가하천_하천범람지도,RFM_SBSN_NTN_5005_200.zip,14417773,2026-09-02 18:42,공공누리 제4유형 (출처표시·상업적 이용금지·변경금지),no
유역별_200년_빈도_국가하천_하천범람지도,RFM_SBSN_NTN_5006_200.zip,60444225,2026-09-02 18:43,공공누리 제4유형 (출처표시·상업적 이용금지·변경금지),no
유역별_200년_빈도_국가하천_하천범람지도,RFM_SBSN_NTN_5007_200.zip,10593297,2026-09-02 18:43,공공누리 제4유형 (출처표시·상업적 이용금지·변경금지),no
유역별_200년_빈도_국가하천_하천범람지도,RFM_SBSN_NTN_5008_200.zip,40429257,2026-09-02 18:43,공공누리 제4유형 (출처표시·상업적 이용금지·변경금지),no
유역별_200년_빈도_국가하천_하천범람지도,RFM_SBSN_NTN_5101_200.zip,24974833,2026-09-02 18:44,공공누리 제4유형 (출처표시·상업적 이용금지·변경금지),no
유역별_100년_빈도_국가하천_하천범람지도,RFM_SBSN_NTN_1001_100.zip,2656157,2026-09-02 18:40,공공누리 제4유형 (출처표시·상업적 이용금지·변경금지),no
유역별_100년_빈도_국가하천_하천범람지도,RFM_SBSN_NTN_1002_100.zip,1662925,2026-09-02 18:41,공공누리 제4유형 (출처표시·상업적 이용금지·변경금지),no
유역별_100년_빈도_국가하천_하천범람지도,RFM_SBSN_NTN_1003_100.zip,9178809,2026-09-02 18:41,공공누리 제4유형 (출처표시·상업적 이용금지·변경금지),no
유역별_100년_빈도_국가하천_하천범람지도,RFM_SBSN_NTN_1004_100.zip,17088033,2026-09-02 18:41,공공누리 제4유형 (출처표시·상업적 이용금지·변경금지),no
유역별_100년_빈도_국가하천_하천범람지도,RFM_SBSN_NTN_1005_100.zip,26870669,2026-09-02 18:41,공공누리 제4유형 (출처표시·상업적 이용금지·변경금지),no
유역별_100년_빈도_국가하천_하천범람지도,RFM_SBSN_NTN_1006_100.zip,45831089,2026-09-02 18:41,공공누리 제4유형 (출처표시·상업적 이용금지·변경금지),no
유역별_100년_빈도_국가하천_하천범람지도,RFM_SBSN_NTN_1007_100.zip,99322013,2026-09-02 18:41,공공누리 제4유형 (출처표시·상업적 이용금지·변경금지),no
유역별_100년_빈도_국가하천_하천범람지도,RFM_SBSN_NTN_1010_100.zip,1428481,2026-09-02 18:42,공공누리 제4유형 (출처표시·상업적 이용금지·변경금지),no
유역별_100년_빈도_국가하천_하천범람지도,RFM_SBSN_NTN_1012_100.zip,161893,2026-09-02 18:41,공공누리 제4유형 (출처표시·상업적 이용금지·변경금지),no
유역별_100년_빈도_국가하천_하천범람지도,RFM_SBSN_NTN_1013_100.zip,2589825,2026-09-02 18:41,공공누리 제4유형 (출처표시·상업적 이용금지·변경금지),no
유역별_100년_빈도_국가하천_하천범람지도,RFM_SBSN_NTN_1014_100.zip,4870993,2026-09-02 18:41,공공누리 제4유형 (출처표시·상업적 이용금지·변경금지),no
유역별_100년_빈도_국가하천_하천범람지도,RFM_SBSN_NTN_1016_100.zip,912781,2026-09-02 18:41,공공누리 제4유형 (출처표시·상업적 이용금지·변경금지),no
유역별_100년_빈도_국가하천_하천범람지도,RFM_SBSN_NTN_1017_100.zip,40269,2026-09-02 18:42,공공누리 제4유형 (출처표시·상업적 이용금지·변경금지),no
유역별_100년_빈도_국가하천_하천범람지도,RFM_SBSN_NTN_1018_100.zip,11510417,2026-09-02 18:41,공공누리 제4유형 (출처표시·상업적 이용금지·변경금지),no
유역별_100년_빈도_국가하천_하천범람지도,RFM_SBSN_NTN_1019_100.zip,15005025,2026-09-02 18:41,공공누리 제4유형 (출처표시·상업적 이용금지·변경금지),no
유역별_100년_빈도_국가하천_하천범람지도,RFM_SBSN_NTN_1021_100.zip,159273,2026-09-02 18:42,공공누리 제4유형 (출처표시·상업적 이용금지·변경금지),no
유역별_100년_빈도_국가하천_하천범람지도,RFM_SBSN_NTN_1022_100.zip,881109,2026-09-02 18:37,공공누리 제4유형 (출처표시·상업적 이용금지·변경금지),no
유역별_100년_빈도_국가하천_하천범람지도,RFM_SBSN_NTN_1023_100.zip,2392029,2026-09-02 18:42,공공누리 제4유형 (출처표시·상업적 이용금지·변경금지),no
유역별_100년_빈도_국가하천_하천범람지도,RFM_SBSN_NTN_1101_100.zip,197904005,2026-09-02 18:38,공공누리 제4유형 (출처표시·상업적 이용금지·변경금지),no
유역별_100년_빈도_국가하천_하천범람지도,RFM_SBSN_NTN_1201_100.zip,52469,2026-09-02 18:41,공공누리 제4유형 (출처표시·상업적 이용금지·변경금지),no
유역별_100년_빈도_국가하천_하천범람지도,RFM_SBSN_NTN_2001_100.zip,3029,2026-09-02 18:41,공공누리 제4유형 (출처표시·상업적 이용금지·변경금지),no
유역별_100년_빈도_국가하천_하천범람지도,RFM_SBSN_NTN_2002_100.zip,725445,2026-09-02 18:41,공공누리 제4유형 (출처표시·상업적 이용금지·변경금지),no
유역별_100년_빈도_국가하천_하천범람지도,RFM_SBSN_NTN_2003_100.zip,6213273,2026-09-02 18:41,공공누리 제4유형 (출처표시·상업적 이용금지·변경금지),no
유역별_100년_빈도_국가하천_하천범람지도,RFM_SBSN_NTN_2004_100.zip,4613705,2026-09-02 18:41,공공누리 제4유형 (출처표시·상업적 이용금지·변경금지),no
유역별_100년_빈도_국가하천_하천범람지도,RFM_SBSN_NTN_2005_100.zip,146025,2026-09-02 18:41,공공누리 제4유형 (출처표시·상업적 이용금지·변경금지),no
유역별_100년_빈도_국가하천_하천범람지도,RFM_SBSN_NTN_2006_100.zip,2933,2026-09-02 18:41,공공누리 제4유형 (출처표시·상업적 이용금지·변경금지),no
유역별_100년_빈도_국가하천_하천범람지도,RFM_SBSN_NTN_2007_100.zip,1709713,2026-09-02 18:41,공공누리 제4유형 (출처표시·상업적 이용금지·변경금지),no
유역별_100년_빈도_국가하천_하천범람지도,RFM_SBSN_NTN_2008_100.zip,9625,2026-09-02 18:41,공공누리 제4유형 (출처표시·상업적 이용금지·변경금지),no
유역별_100년_빈도_국가하천_하천범람지도,RFM_SBSN_NTN_2009_100.zip,599593,2026-09-02 18:41,공공누리 제4유형 (출처표시·상업적 이용금지·변경금지),no
유역별_100년_빈도_국가하천_하천범람지도,RFM_SBSN_NTN_2010_100.zip,8992105,2026-09-02 18:41,공공누리 제4유형 (출처표시·상업적 이용금지·변경금지),no
유역별_100년_빈도_국가하천_하천범람지도,RFM_SBSN_NTN_2011_100.zip,6132413,2026-09-02 18:41,공공누리 제4유형 (출처표시·상업적 이용금지·변경금지),no
유역별_100년_빈도_국가하천_하천범람지도,RFM_SBSN_NTN_2012_100.zip,12283929,2026-09-02 18:41,공공누리 제4유형 (출처표시·상업적 이용금지·변경금지),no
유역별_100년_빈도_국가하천_하천범람지도,RFM_SBSN_NTN_2013_100.zip,322953,2026-09-02 18:41,공공누리 제4유형 (출처표시·상업적 이용금지·변경금지),no
유역별_100년_빈도_국가하천_하천범람지도,RFM_SBSN_NTN_2014_100.zip,7902821,2026-09-02 18:41,공공누리 제4유형 (출처표시·상업적 이용금지·변경금지),no
유역별_100년_빈도_국가하천_하천범람지도,RFM_SBSN_NTN_2015_100.zip,249857,2026-09-02 18:41,공공누리 제4유형 (출처표시·상업적 이용금지·변경금지),no
유역별_100년_빈도_국가하천_하천범람지도,RFM_SBSN_NTN_2016_100.zip,2460805,2026-09-02 18:41,공공누리 제4유형 (출처표시·상업적 이용금지·변경금지),no
유역별_100년_빈도_국가하천_하천범람지도,RFM_SBSN_NTN_2017_100.zip,3728693,2026-09-02 18:41,공공누리 제4유형 (출처표시·상업적 이용금지·변경금지),no
유역별_100년_빈도_국가하천_하천범람지도,RFM_SBSN_NTN_2018_100.zip,2698757,2026-09-02 18:41,공공누리 제4유형 (출처표시·상업적 이용금지·변경금지),no
유역별_100년_빈도_국가하천_하천범람지도,RFM_SBSN_NTN_2019_100.zip,14384005,2026-09-02 18:41,공공누리 제4유형 (출처표시·상업적 이용금지·변경금지),no
유역별_100년_빈도_국가하천_하천범람지도,RFM_SBSN_NTN_2020_100.zip,10979505,2026-09-02 18:40,공공누리 제4유형 (출처표시·상업적 이용금지·변경금지),no
유역별_100년_빈도_국가하천_하천범람지도,RFM_SBSN_NTN_2021_100.zip,11175209,2026-09-02 18:39,공공누리 제4유형 (출처표시·상업적 이용금지·변경금지),no
유역별_100년_빈도_국가하천_하천범람지도,RFM_SBSN_NTN_2022_100.zip,9825317,2026-09-02 18:41,공공누리 제4유형 (출처표시·상업적 이용금지·변경금지),no
유역별_100년_빈도_국가하천_하천범람지도,RFM_SBSN_NTN_2101_100.zip,19835437,2026-09-02 18:40,공공누리 제4유형 (출처표시·상업적 이용금지·변경금지),no
유역별_100년_빈도_국가하천_하천범람지도,RFM_SBSN_NTN_2201_100.zip,2026513,2026-09-02 18:41,공공누리 제4유형 (출처표시·상업적 이용금지·변경금지),no
유역별_100년_빈도_국가하천_하천범람지도,RFM_SBSN_NTN_2302_100.zip,1587093,2026-09-02 18:39,공공누리 제4유형 (출처표시·상업적 이용금지·변경금지),no
유역별_100년_빈도_국가하천_하천범람지도,RFM_SBSN_NTN_2402_100.zip,618725,2026-09-02 18:40,공공누리 제4유형 (출처표시·상업적 이용금지·변경금지),no
유역별_100년_빈도_국가하천_하천범람지도,RFM_SBSN_NTN_2403_100.zip,5269,2026-09-02 18:41,공공누리 제4유형 (출처표시·상업적 이용금지·변경금지),no
유역별_100년_빈도_국가하천_하천범람지도,RFM_SBSN_NTN_2501_100.zip,3209921,2026-09-02 18:41,공공누리 제4유형 (출처표시·상업적 이용금지·변경금지),no
유역별_100년_빈도_국가하천_하천범람지도,RFM_SBSN_NTN_2504_100.zip,2798017,2026-09-02 18:38,공공누리 제4유형 (출처표시·상업적 이용금지·변경금지),no
유역별_100년_빈도_국가하천_하천범람지도,RFM_SBSN_NTN_3002_100.zip,506189,2026-09-02 18:40,공공누리 제4유형 (출처표시·상업적 이용금지·변경금지),no
유역별_100년_빈도_국가하천_하천범람지도,RFM_SBSN_NTN_3003_100.zip,79605,2026-09-02 18:40,공공누리 제4유형 (출처표시·상업적 이용금지·변경금지),no
유역별_100년_빈도_국가하천_하천범람지도,RFM_SBSN_NTN_3004_100.zip,3663645,2026-09-02 18:40,공공누리 제4유형 (출처표시·상업적 이용금지·변경금지),no
유역별_100년_빈도_국가하천_하천범람지도,RFM_SBSN_NTN_3005_100.zip,181105,2026-09-02 18:40,공공누리 제4유형 (출처표시·상업적 이용금지·변경금지),no
유역별_100년_빈도_국가하천_하천범람지도,RFM_SBSN_NTN_3006_100.zip,1326261,2026-09-02 18:40,공공누리 제4유형 (출처표시·상업적 이용금지·변경금지),no
유역별_100년_빈도_국가하천_하천범람지도,RFM_SBSN_NTN_3008_100.zip,1223645,2026-09-02 18:40,공공누리 제4유형 (출처표시·상업적 이용금지·변경금지),no
유역별_100년_빈도_국가하천_하천범람지도,RFM_SBSN_NTN_3009_100.zip,15299957,2026-09-02 18:38,공공누리 제4유형 (출처표시·상업적 이용금지·변경금지),no
유역별_100년_빈도_국가하천_하천범람지도,RFM_SBSN_NTN_3010_100.zip,4233805,2026-09-02 18:40,공공누리 제4유형 (출처표시·상업적 이용금지·변경금지),no
유역별_100년_빈도_국가하천_하천범람지도,RFM_SBSN_NTN_3011_100.zip,174373285,2026-09-02 18:39,공공누리 제4유형 (출처표시·상업적 이용금지·변경금지),no
유역별_100년_빈도_국가하천_하천범람지도,RFM_SBSN_NTN_3012_100.zip,42516753,2026-09-02 18:40,공공누리 제4유형 (출처표시·상업적 이용금지·변경금지),no
유역별_100년_빈도_국가하천_하천범람지도,RFM_SBSN_NTN_3013_100.zip,15707389,2026-09-02 18:40,공공누리 제4유형 (출처표시·상업적 이용금지·변경금지),no
유역별_100년_빈도_국가하천_하천범람지도,RFM_SBSN_NTN_3014_100.zip,39932301,2026-09-02 18:40,공공누리 제4유형 (출처표시·상업적 이용금지·변경금지),no
유역별_100년_빈도_국가하천_하천범람지도,RFM_SBSN_NTN_3101_100.zip,163999909,2026-09-02 18:39,공공누리 제4유형 (출처표시·상업적 이용금지·변경금지),no
유역별_100년_빈도_국가하천_하천범람지도,RFM_SBSN_NTN_3203_100.zip,9239557,2026-09-02 18:38,공공누리 제4유형 (출처표시·상업적 이용금지·변경금지),no
유역별_100년_빈도_국가하천_하천범람지도,RFM_SBSN_NTN_3301_100.zip,26180237,2026-09-02 18:41,공공누리 제4유형 (출처표시·상업적 이용금지·변경금지),no
유역별_100년_빈도_국가하천_하천범람지도,RFM_SBSN_NTN_3302_100.zip,272236733,2026-09-02 18:39,공공누리 제4유형 (출처표시·상업적 이용금지·변경금지),no
유역별_100년_빈도_국가하천_하천범람지도,RFM_SBSN_NTN_3303_100.zip,821149,2026-09-02 18:41,공공누리 제4유형 (출처표시·상업적 이용금지·변경금지),no
유역별_100년_빈도_국가하천_하천범람지도,RFM_SBSN_NTN_4002_100.zip,1225401,2026-09-02 18:41,공공누리 제4유형 (출처표시·상업적 이용금지·변경금지),no
유역별_100년_빈도_국가하천_하천범람지도,RFM_SBSN_NTN_4003_100.zip,9689,2026-09-02 18:42,공공누리 제4유형 (출처표시·상업적 이용금지·변경금지),no
유역별_100년_빈도_국가하천_하천범람지도,RFM_SBSN_NTN_4004_100.zip,5159453,2026-09-02 18:42,공공누리 제4유형 (출처표시·상업적 이용금지·변경금지),no
유역별_100년_빈도_국가하천_하천범람지도,RFM_SBSN_NTN_4005_100.zip,6908129,2026-09-02 18:42,공공누리 제4유형 (출처표시·상업적 이용금지·변경금지),no
유역별_100년_빈도_국가하천_하천범람지도,RFM_SBSN_NTN_4006_100.zip,3009805,2026-09-02 18:41,공공누리 제4유형 (출처표시·상업적 이용금지·변경금지),no
유역별_100년_빈도_국가하천_하천범람지도,RFM_SBSN_NTN_4008_100.zip,2807589,2026-09-02 18:41,공공누리 제4유형 (출처표시·상업적 이용금지·변경금지),no
유역별_100년_빈도_국가하천_하천범람지도,RFM_SBSN_NTN_4009_100.zip,15615597,2026-09-02 18:41,공공누리 제4유형 (출처표시·상업적 이용금지·변경금지),no
유역별_100년_빈도_국가하천_하천범람지도,RFM_SBSN_NTN_4101_100.zip,798561,2026-09-02 18:41,공공누리 제4유형 (출처표시·상업적 이용금지·변경금지),no
유역별_100년_빈도_국가하천_하천범람지도,RFM_SBSN_NTN_4105_100.zip,372261,2026-09-02 18:41,공공누리 제4유형 (출처표시·상업적 이용금지·변경금지),no
유역별_100년_빈도_국가하천_하천범람지도,RFM_SBSN_NTN_5001_100.zip,48234133,2026-09-02 18:40,공공누리 제4유형 (출처표시·상업적 이용금지·변경금지),no
유역별_100년_빈도_국가하천_하천범람지도,RFM_SBSN_NTN_5002_100.zip,1630021,2026-09-02 18:40,공공누리 제4유형 (출처표시·상업적 이용금지·변경금지),no
유역별_100년_빈도_국가하천_하천범람지도,RFM_SBSN_NTN_5003_100.zip,58861377,2026-09-02 18:40,공공누리 제4유형 (출처표시·상업적 이용금지·변경금지),no
유역별_100년_빈도_국가하천_하천범람지도,RFM_SBSN_NTN_5004_100.zip,69583749,2026-09-02 18:40,공공누리 제4유형 (출처표시·상업적 이용금지·변경금지),no
유역별_100년_빈도_국가하천_하천범람지도,RFM_SBSN_NTN_5005_100.zip,22985573,2026-09-02 18:38,공공누리 제4유형 (출처표시·상업적 이용금지·변경금지),no
유역별_100년_빈도_국가하천_하천범람지도,RFM_SBSN_NTN_5006_100.zip,62093577,2026-09-02 18:40,공공누리 제4유형 (출처표시·상업적 이용금지·변경금지),no
유역별_100년_빈도_국가하천_하천범람지도,RFM_SBSN_NTN_5007_100.zip,11678453,2026-09-02 18:40,공공누리 제4유형 (출처표시·상업적 이용금지·변경금지),no
유역별_100년_빈도_국가하천_하천범람지도,RFM_SBSN_NTN_5008_100.zip,40886833,2026-09-02 18:40,공공누리 제4유형 (출처표시·상업적 이용금지·변경금지),no
유역별_100년_빈도_국가하천_하천범람지도,RFM_SBSN_NTN_5101_100.zip,25238233,2026-09-02 18:42,공공누리 제4유형 (출처표시·상업적 이용금지·변경금지),no
