municipality_id,municipality_name,province_name,level,sgis_code,classification,note
SGIS-11,서울특별시,서울특별시,METROPOLITAN,11,OFFICIAL_COORDINATE_NOT_FOUND,no coordinate-bearing official office dataset found on data.go.kr
SGIS-21,부산광역시,부산광역시,METROPOLITAN,21,SOURCE_NOT_AVAILABLE,"부산광역시_구군 행정기관 현황 API (15034031, lat/lng) exists; project data.go.kr key not activated (SERVICE_KEY_IS_NOT_REGISTERED)"
SGIS-22,대구광역시,대구광역시,METROPOLITAN,22,OFFICIAL_COORDINATE_NOT_FOUND,no coordinate-bearing official office dataset found on data.go.kr
SGIS-23,인천광역시,인천광역시,METROPOLITAN,23,OFFICIAL_COORDINATE_NOT_FOUND,no coordinate-bearing official office dataset found on data.go.kr
SGIS-24,광주광역시,광주광역시,METROPOLITAN,24,ADMINISTRATIVE_UNIT_CHANGED,merged into 전남광주통합특별시
SGIS-25,대전광역시,대전광역시,METROPOLITAN,25,OFFICIAL_COORDINATE_NOT_FOUND,no coordinate-bearing official office dataset found on data.go.kr
SGIS-26,울산광역시,울산광역시,METROPOLITAN,26,OFFICIAL_COORDINATE_NOT_FOUND,no coordinate-bearing official office dataset found on data.go.kr
SGIS-29,세종특별자치시,세종특별자치시,METROPOLITAN,29,SOURCE_NOT_AVAILABLE,"세종 공공기관현황 API (15098321, la/lo, sample 세종특별자치시청) exists; key not activated"
SGIS-31,경기도,경기도,PROVINCE,31,SOURCE_NOT_AVAILABLE,"province-wide 경기도 청사및출장소 현황 (15057551, WGS84) exists but data.gg.go.kr / openapi.gg.go.kr refuse this machine (""보안 정책에 의해 차단"")"
SGIS-32,강원특별자치도,강원특별자치도,PROVINCE,32,OFFICIAL_COORDINATE_NOT_FOUND,no coordinate-bearing official office dataset found on data.go.kr
SGIS-33,충청북도,충청북도,PROVINCE,33,OFFICIAL_COORDINATE_NOT_FOUND,no coordinate-bearing official office dataset found on data.go.kr
SGIS-34,충청남도,충청남도,PROVINCE,34,OFFICIAL_COORDINATE_NOT_FOUND,no coordinate-bearing official office dataset found on data.go.kr
SGIS-35,전북특별자치도,전북특별자치도,PROVINCE,35,OFFICIAL_COORDINATE_NOT_FOUND,no coordinate-bearing official office dataset found on data.go.kr
SGIS-36,전라남도,전라남도,PROVINCE,36,ADMINISTRATIVE_UNIT_CHANGED,merged into 전남광주통합특별시
SGIS-37,경상북도,경상북도,PROVINCE,37,OFFICIAL_COORDINATE_NOT_FOUND,no coordinate-bearing official office dataset found on data.go.kr
SGIS-38,경상남도,경상남도,PROVINCE,38,OFFICIAL_COORDINATE_NOT_FOUND,no coordinate-bearing official office dataset found on data.go.kr
SGIS-39,제주특별자치도,제주특별자치도,PROVINCE,39,OFFICIAL_COORDINATE_NOT_FOUND,no coordinate-bearing official office dataset found on data.go.kr
SGIS-11010,종로구,서울특별시,DISTRICT,11010,OFFICIAL_COORDINATE_NOT_FOUND,no coordinate-bearing official office dataset found on data.go.kr
SGIS-11020,중구,서울특별시,DISTRICT,11020,OFFICIAL_COORDINATE_NOT_FOUND,no coordinate-bearing official office dataset found on data.go.kr
SGIS-11030,용산구,서울특별시,DISTRICT,11030,OFFICIAL_COORDINATE_NOT_FOUND,no coordinate-bearing official office dataset found on data.go.kr
SGIS-11040,성동구,서울특별시,DISTRICT,11040,OFFICIAL_COORDINATE_NOT_FOUND,no coordinate-bearing official office dataset found on data.go.kr
SGIS-11050,광진구,서울특별시,DISTRICT,11050,OFFICIAL_COORDINATE_NOT_FOUND,no coordinate-bearing official office dataset found on data.go.kr
SGIS-11060,동대문구,서울특별시,DISTRICT,11060,OFFICIAL_COORDINATE_NOT_FOUND,no coordinate-bearing official office dataset found on data.go.kr
SGIS-11070,중랑구,서울특별시,DISTRICT,11070,OFFICIAL_COORDINATE_NOT_FOUND,no coordinate-bearing official office dataset found on data.go.kr
SGIS-11080,성북구,서울특별시,DISTRICT,11080,OFFICIAL_COORDINATE_NOT_FOUND,no coordinate-bearing official office dataset found on data.go.kr
SGIS-11090,강북구,서울특별시,DISTRICT,11090,OFFICIAL_COORDINATE_NOT_FOUND,no coordinate-bearing official office dataset found on data.go.kr
SGIS-11100,도봉구,서울특별시,DISTRICT,11100,OFFICIAL_COORDINATE_NOT_FOUND,no coordinate-bearing official office dataset found on data.go.kr
SGIS-11110,노원구,서울특별시,DISTRICT,11110,OFFICIAL_COORDINATE_NOT_FOUND,no coordinate-bearing official office dataset found on data.go.kr
SGIS-11120,은평구,서울특별시,DISTRICT,11120,OFFICIAL_COORDINATE_NOT_FOUND,no coordinate-bearing official office dataset found on data.go.kr
SGIS-11130,서대문구,서울특별시,DISTRICT,11130,OFFICIAL_COORDINATE_NOT_FOUND,no coordinate-bearing official office dataset found on data.go.kr
SGIS-11140,마포구,서울특별시,DISTRICT,11140,OFFICIAL_COORDINATE_NOT_FOUND,no coordinate-bearing official office dataset found on data.go.kr
SGIS-11150,양천구,서울특별시,DISTRICT,11150,OFFICIAL_COORDINATE_NOT_FOUND,no coordinate-bearing official office dataset found on data.go.kr
SGIS-11160,강서구,서울특별시,DISTRICT,11160,OFFICIAL_COORDINATE_NOT_FOUND,no coordinate-bearing official office dataset found on data.go.kr
SGIS-11170,구로구,서울특별시,DISTRICT,11170,OFFICIAL_COORDINATE_NOT_FOUND,no coordinate-bearing official office dataset found on data.go.kr
SGIS-11180,금천구,서울특별시,DISTRICT,11180,OFFICIAL_COORDINATE_NOT_FOUND,no coordinate-bearing official office dataset found on data.go.kr
SGIS-11190,영등포구,서울특별시,DISTRICT,11190,OFFICIAL_COORDINATE_NOT_FOUND,no coordinate-bearing official office dataset found on data.go.kr
SGIS-11200,동작구,서울특별시,DISTRICT,11200,OFFICIAL_COORDINATE_NOT_FOUND,no coordinate-bearing official office dataset found on data.go.kr
SGIS-11210,관악구,서울특별시,DISTRICT,11210,OFFICIAL_COORDINATE_NOT_FOUND,no coordinate-bearing official office dataset found on data.go.kr
SGIS-11220,서초구,서울특별시,DISTRICT,11220,OFFICIAL_COORDINATE_NOT_FOUND,no coordinate-bearing official office dataset found on data.go.kr
SGIS-11230,강남구,서울특별시,DISTRICT,11230,OFFICIAL_COORDINATE_NOT_FOUND,no coordinate-bearing official office dataset found on data.go.kr
SGIS-11240,송파구,서울특별시,DISTRICT,11240,OFFICIAL_COORDINATE_NOT_FOUND,no coordinate-bearing official office dataset found on data.go.kr
SGIS-11250,강동구,서울특별시,DISTRICT,11250,OFFICIAL_COORDINATE_NOT_FOUND,no coordinate-bearing official office dataset found on data.go.kr
SGIS-21010,중구,부산광역시,DISTRICT,21010,SOURCE_NOT_AVAILABLE,"부산광역시_구군 행정기관 현황 API (15034031, lat/lng) exists; project data.go.kr key not activated (SERVICE_KEY_IS_NOT_REGISTERED)"
SGIS-21020,서구,부산광역시,DISTRICT,21020,OFFICIAL_COORDINATE_AVAILABLE,부산광역시 서구_행정기관 현황 (15035234); inside polygon=True; 0.4 km from V0.2 point
SGIS-21030,동구,부산광역시,DISTRICT,21030,SOURCE_NOT_AVAILABLE,"부산광역시_구군 행정기관 현황 API (15034031, lat/lng) exists; project data.go.kr key not activated (SERVICE_KEY_IS_NOT_REGISTERED)"
SGIS-21040,영도구,부산광역시,DISTRICT,21040,OFFICIAL_COORDINATE_AVAILABLE,부산광역시 영도구_공공기관 현황 (3069138); inside polygon=True; 1.62 km from V0.2 point
SGIS-21050,부산진구,부산광역시,DISTRICT,21050,OFFICIAL_COORDINATE_AVAILABLE,부산광역시 부산진구_행정기관 현황 (15065168); inside polygon=True; 0.79 km from V0.2 point
SGIS-21060,동래구,부산광역시,DISTRICT,21060,OFFICIAL_COORDINATE_AVAILABLE,부산광역시_동래구_행정기관 현황 (15039191); inside polygon=True; 0.34 km from V0.2 point
SGIS-21070,남구,부산광역시,DISTRICT,21070,SOURCE_NOT_AVAILABLE,"부산광역시_구군 행정기관 현황 API (15034031, lat/lng) exists; project data.go.kr key not activated (SERVICE_KEY_IS_NOT_REGISTERED)"
SGIS-21080,북구,부산광역시,DISTRICT,21080,SOURCE_NOT_AVAILABLE,"부산광역시_구군 행정기관 현황 API (15034031, lat/lng) exists; project data.go.kr key not activated (SERVICE_KEY_IS_NOT_REGISTERED)"
SGIS-21090,해운대구,부산광역시,DISTRICT,21090,SOURCE_NOT_AVAILABLE,"부산광역시_구군 행정기관 현황 API (15034031, lat/lng) exists; project data.go.kr key not activated (SERVICE_KEY_IS_NOT_REGISTERED)"
SGIS-21100,사하구,부산광역시,DISTRICT,21100,SOURCE_NOT_AVAILABLE,"부산광역시_구군 행정기관 현황 API (15034031, lat/lng) exists; project data.go.kr key not activated (SERVICE_KEY_IS_NOT_REGISTERED)"
SGIS-21110,금정구,부산광역시,DISTRICT,21110,SOURCE_NOT_AVAILABLE,"부산광역시_구군 행정기관 현황 API (15034031, lat/lng) exists; project data.go.kr key not activated (SERVICE_KEY_IS_NOT_REGISTERED)"
SGIS-21120,강서구,부산광역시,DISTRICT,21120,SOURCE_NOT_AVAILABLE,"부산광역시_구군 행정기관 현황 API (15034031, lat/lng) exists; project data.go.kr key not activated (SERVICE_KEY_IS_NOT_REGISTERED)"
SGIS-21130,연제구,부산광역시,DISTRICT,21130,SOURCE_NOT_AVAILABLE,"부산광역시_구군 행정기관 현황 API (15034031, lat/lng) exists; project data.go.kr key not activated (SERVICE_KEY_IS_NOT_REGISTERED)"
SGIS-21140,수영구,부산광역시,DISTRICT,21140,SOURCE_NOT_AVAILABLE,"부산광역시_구군 행정기관 현황 API (15034031, lat/lng) exists; project data.go.kr key not activated (SERVICE_KEY_IS_NOT_REGISTERED)"
SGIS-21150,사상구,부산광역시,DISTRICT,21150,OFFICIAL_COORDINATE_AVAILABLE,부산광역시_사상구_공공기관현황 (15025564); inside polygon=True; 0.92 km from V0.2 point
SGIS-21510,기장군,부산광역시,COUNTY,21510,OFFICIAL_COORDINATE_AVAILABLE,부산광역시 기장군_행정기관 현황 (15048439); inside polygon=True; 5.6 km from V0.2 point
SGIS-22010,중구,대구광역시,DISTRICT,22010,OFFICIAL_COORDINATE_NOT_FOUND,no coordinate-bearing official office dataset found on data.go.kr
SGIS-22020,동구,대구광역시,DISTRICT,22020,OFFICIAL_COORDINATE_NOT_FOUND,no coordinate-bearing official office dataset found on data.go.kr
SGIS-22030,서구,대구광역시,DISTRICT,22030,OFFICIAL_COORDINATE_NOT_FOUND,no coordinate-bearing official office dataset found on data.go.kr
SGIS-22040,남구,대구광역시,DISTRICT,22040,OFFICIAL_COORDINATE_AVAILABLE,대구광역시 남구_행정기관 현황 (15034115); inside polygon=True; 2.01 km from V0.2 point
SGIS-22050,북구,대구광역시,DISTRICT,22050,OFFICIAL_COORDINATE_NOT_FOUND,no coordinate-bearing official office dataset found on data.go.kr
SGIS-22060,수성구,대구광역시,DISTRICT,22060,OFFICIAL_COORDINATE_NOT_FOUND,no coordinate-bearing official office dataset found on data.go.kr
SGIS-22070,달서구,대구광역시,DISTRICT,22070,OFFICIAL_COORDINATE_NOT_FOUND,no coordinate-bearing official office dataset found on data.go.kr
SGIS-22510,달성군,대구광역시,COUNTY,22510,OFFICIAL_COORDINATE_NOT_FOUND,no coordinate-bearing official office dataset found on data.go.kr
SGIS-22520,군위군,대구광역시,COUNTY,22520,OFFICIAL_COORDINATE_NOT_FOUND,no coordinate-bearing official office dataset found on data.go.kr
SGIS-23010,중구,인천광역시,DISTRICT,23010,ADMINISTRATIVE_UNIT_CHANGED,reorganised (제물포구 / 영종구 observed)
SGIS-23020,동구,인천광역시,DISTRICT,23020,ADMINISTRATIVE_UNIT_CHANGED,reorganised (제물포구 observed)
SGIS-23040,연수구,인천광역시,DISTRICT,23040,OFFICIAL_COORDINATE_NOT_FOUND,no coordinate-bearing official office dataset found on data.go.kr
SGIS-23050,남동구,인천광역시,DISTRICT,23050,OFFICIAL_COORDINATE_NOT_FOUND,no coordinate-bearing official office dataset found on data.go.kr
SGIS-23060,부평구,인천광역시,DISTRICT,23060,OFFICIAL_COORDINATE_NOT_FOUND,no coordinate-bearing official office dataset found on data.go.kr
SGIS-23070,계양구,인천광역시,DISTRICT,23070,OFFICIAL_COORDINATE_NOT_FOUND,no coordinate-bearing official office dataset found on data.go.kr
SGIS-23080,서구,인천광역시,DISTRICT,23080,ADMINISTRATIVE_UNIT_CHANGED,reorganised (서해구 observed; 검단구 not observed)
SGIS-23090,미추홀구,인천광역시,DISTRICT,23090,OFFICIAL_COORDINATE_NOT_FOUND,no coordinate-bearing official office dataset found on data.go.kr
SGIS-23510,강화군,인천광역시,COUNTY,23510,OFFICIAL_COORDINATE_NOT_FOUND,no coordinate-bearing official office dataset found on data.go.kr
SGIS-23520,옹진군,인천광역시,COUNTY,23520,OFFICIAL_COORDINATE_NOT_FOUND,no coordinate-bearing official office dataset found on data.go.kr
SGIS-24010,동구,광주광역시,DISTRICT,24010,OFFICIAL_COORDINATE_NOT_FOUND,no coordinate-bearing official office dataset found on data.go.kr | parent now 전남광주통합특별시
SGIS-24020,서구,광주광역시,DISTRICT,24020,OFFICIAL_COORDINATE_NOT_FOUND,no coordinate-bearing official office dataset found on data.go.kr | parent now 전남광주통합특별시
SGIS-24030,남구,광주광역시,DISTRICT,24030,OFFICIAL_COORDINATE_NOT_FOUND,no coordinate-bearing official office dataset found on data.go.kr | parent now 전남광주통합특별시
SGIS-24040,북구,광주광역시,DISTRICT,24040,OFFICIAL_COORDINATE_NOT_FOUND,no coordinate-bearing official office dataset found on data.go.kr | parent now 전남광주통합특별시
SGIS-24050,광산구,광주광역시,DISTRICT,24050,OFFICIAL_COORDINATE_NOT_FOUND,no coordinate-bearing official office dataset found on data.go.kr | parent now 전남광주통합특별시
SGIS-25010,동구,대전광역시,DISTRICT,25010,OFFICIAL_COORDINATE_NOT_FOUND,no coordinate-bearing official office dataset found on data.go.kr
SGIS-25020,중구,대전광역시,DISTRICT,25020,OFFICIAL_COORDINATE_NOT_FOUND,no coordinate-bearing official office dataset found on data.go.kr
SGIS-25030,서구,대전광역시,DISTRICT,25030,OFFICIAL_COORDINATE_NOT_FOUND,no coordinate-bearing official office dataset found on data.go.kr
SGIS-25040,유성구,대전광역시,DISTRICT,25040,OFFICIAL_COORDINATE_AVAILABLE,대전광역시 유성구_관내 공공기관 현황 (15137923); inside polygon=True; 2.41 km from V0.2 point
SGIS-25050,대덕구,대전광역시,DISTRICT,25050,OFFICIAL_COORDINATE_NOT_FOUND,no coordinate-bearing official office dataset found on data.go.kr
SGIS-26010,중구,울산광역시,DISTRICT,26010,OFFICIAL_COORDINATE_NOT_FOUND,no coordinate-bearing official office dataset found on data.go.kr
SGIS-26020,남구,울산광역시,DISTRICT,26020,OFFICIAL_COORDINATE_NOT_FOUND,no coordinate-bearing official office dataset found on data.go.kr
SGIS-26030,동구,울산광역시,DISTRICT,26030,OFFICIAL_COORDINATE_NOT_FOUND,no coordinate-bearing official office dataset found on data.go.kr
SGIS-26040,북구,울산광역시,DISTRICT,26040,OFFICIAL_COORDINATE_NOT_FOUND,no coordinate-bearing official office dataset found on data.go.kr
SGIS-26510,울주군,울산광역시,COUNTY,26510,OFFICIAL_COORDINATE_NOT_FOUND,no coordinate-bearing official office dataset found on data.go.kr
SGIS-29010,세종시,세종특별자치시,CITY,29010,SOURCE_NOT_AVAILABLE,"세종 공공기관현황 API (15098321, la/lo, sample 세종특별자치시청) exists; key not activated"
SGIS-31011,수원시 장안구,경기도,DISTRICT,31011,SOURCE_NOT_AVAILABLE,"province-wide 경기도 청사및출장소 현황 (15057551, WGS84) exists but data.gg.go.kr / openapi.gg.go.kr refuse this machine (""보안 정책에 의해 차단"")"
SGIS-31012,수원시 권선구,경기도,DISTRICT,31012,SOURCE_NOT_AVAILABLE,"province-wide 경기도 청사및출장소 현황 (15057551, WGS84) exists but data.gg.go.kr / openapi.gg.go.kr refuse this machine (""보안 정책에 의해 차단"")"
SGIS-31013,수원시 팔달구,경기도,DISTRICT,31013,SOURCE_NOT_AVAILABLE,"province-wide 경기도 청사및출장소 현황 (15057551, WGS84) exists but data.gg.go.kr / openapi.gg.go.kr refuse this machine (""보안 정책에 의해 차단"")"
SGIS-31014,수원시 영통구,경기도,DISTRICT,31014,SOURCE_NOT_AVAILABLE,"province-wide 경기도 청사및출장소 현황 (15057551, WGS84) exists but data.gg.go.kr / openapi.gg.go.kr refuse this machine (""보안 정책에 의해 차단"")"
SGIS-31021,성남시 수정구,경기도,DISTRICT,31021,SOURCE_NOT_AVAILABLE,"province-wide 경기도 청사및출장소 현황 (15057551, WGS84) exists but data.gg.go.kr / openapi.gg.go.kr refuse this machine (""보안 정책에 의해 차단"")"
SGIS-31022,성남시 중원구,경기도,DISTRICT,31022,SOURCE_NOT_AVAILABLE,"province-wide 경기도 청사및출장소 현황 (15057551, WGS84) exists but data.gg.go.kr / openapi.gg.go.kr refuse this machine (""보안 정책에 의해 차단"")"
SGIS-31023,성남시 분당구,경기도,DISTRICT,31023,SOURCE_NOT_AVAILABLE,"province-wide 경기도 청사및출장소 현황 (15057551, WGS84) exists but data.gg.go.kr / openapi.gg.go.kr refuse this machine (""보안 정책에 의해 차단"")"
SGIS-31030,의정부시,경기도,CITY,31030,SOURCE_NOT_AVAILABLE,"province-wide 경기도 청사및출장소 현황 (15057551, WGS84) exists but data.gg.go.kr / openapi.gg.go.kr refuse this machine (""보안 정책에 의해 차단"")"
SGIS-31041,안양시 만안구,경기도,DISTRICT,31041,SOURCE_NOT_AVAILABLE,"province-wide 경기도 청사및출장소 현황 (15057551, WGS84) exists but data.gg.go.kr / openapi.gg.go.kr refuse this machine (""보안 정책에 의해 차단"")"
SGIS-31042,안양시 동안구,경기도,DISTRICT,31042,SOURCE_NOT_AVAILABLE,"province-wide 경기도 청사및출장소 현황 (15057551, WGS84) exists but data.gg.go.kr / openapi.gg.go.kr refuse this machine (""보안 정책에 의해 차단"")"
SGIS-31051,부천시 원미구,경기도,DISTRICT,31051,SOURCE_NOT_AVAILABLE,"province-wide 경기도 청사및출장소 현황 (15057551, WGS84) exists but data.gg.go.kr / openapi.gg.go.kr refuse this machine (""보안 정책에 의해 차단"")"
SGIS-31052,부천시 소사구,경기도,DISTRICT,31052,SOURCE_NOT_AVAILABLE,"province-wide 경기도 청사및출장소 현황 (15057551, WGS84) exists but data.gg.go.kr / openapi.gg.go.kr refuse this machine (""보안 정책에 의해 차단"")"
SGIS-31053,부천시 오정구,경기도,DISTRICT,31053,SOURCE_NOT_AVAILABLE,"province-wide 경기도 청사및출장소 현황 (15057551, WGS84) exists but data.gg.go.kr / openapi.gg.go.kr refuse this machine (""보안 정책에 의해 차단"")"
SGIS-31060,광명시,경기도,CITY,31060,SOURCE_NOT_AVAILABLE,"province-wide 경기도 청사및출장소 현황 (15057551, WGS84) exists but data.gg.go.kr / openapi.gg.go.kr refuse this machine (""보안 정책에 의해 차단"")"
SGIS-31070,평택시,경기도,CITY,31070,SOURCE_NOT_AVAILABLE,"province-wide 경기도 청사및출장소 현황 (15057551, WGS84) exists but data.gg.go.kr / openapi.gg.go.kr refuse this machine (""보안 정책에 의해 차단"")"
SGIS-31080,동두천시,경기도,CITY,31080,SOURCE_NOT_AVAILABLE,"province-wide 경기도 청사및출장소 현황 (15057551, WGS84) exists but data.gg.go.kr / openapi.gg.go.kr refuse this machine (""보안 정책에 의해 차단"")"
SGIS-31091,안산시 상록구,경기도,DISTRICT,31091,SOURCE_NOT_AVAILABLE,"province-wide 경기도 청사및출장소 현황 (15057551, WGS84) exists but data.gg.go.kr / openapi.gg.go.kr refuse this machine (""보안 정책에 의해 차단"")"
SGIS-31092,안산시 단원구,경기도,DISTRICT,31092,SOURCE_NOT_AVAILABLE,"province-wide 경기도 청사및출장소 현황 (15057551, WGS84) exists but data.gg.go.kr / openapi.gg.go.kr refuse this machine (""보안 정책에 의해 차단"")"
SGIS-31101,고양시 덕양구,경기도,DISTRICT,31101,SOURCE_NOT_AVAILABLE,"province-wide 경기도 청사및출장소 현황 (15057551, WGS84) exists but data.gg.go.kr / openapi.gg.go.kr refuse this machine (""보안 정책에 의해 차단"")"
SGIS-31103,고양시 일산동구,경기도,DISTRICT,31103,SOURCE_NOT_AVAILABLE,"province-wide 경기도 청사및출장소 현황 (15057551, WGS84) exists but data.gg.go.kr / openapi.gg.go.kr refuse this machine (""보안 정책에 의해 차단"")"
SGIS-31104,고양시 일산서구,경기도,DISTRICT,31104,SOURCE_NOT_AVAILABLE,"province-wide 경기도 청사및출장소 현황 (15057551, WGS84) exists but data.gg.go.kr / openapi.gg.go.kr refuse this machine (""보안 정책에 의해 차단"")"
SGIS-31110,과천시,경기도,CITY,31110,SOURCE_NOT_AVAILABLE,"province-wide 경기도 청사및출장소 현황 (15057551, WGS84) exists but data.gg.go.kr / openapi.gg.go.kr refuse this machine (""보안 정책에 의해 차단"")"
SGIS-31120,구리시,경기도,CITY,31120,SOURCE_NOT_AVAILABLE,"province-wide 경기도 청사및출장소 현황 (15057551, WGS84) exists but data.gg.go.kr / openapi.gg.go.kr refuse this machine (""보안 정책에 의해 차단"")"
SGIS-31130,남양주시,경기도,CITY,31130,SOURCE_NOT_AVAILABLE,"province-wide 경기도 청사및출장소 현황 (15057551, WGS84) exists but data.gg.go.kr / openapi.gg.go.kr refuse this machine (""보안 정책에 의해 차단"")"
SGIS-31140,오산시,경기도,CITY,31140,SOURCE_NOT_AVAILABLE,"province-wide 경기도 청사및출장소 현황 (15057551, WGS84) exists but data.gg.go.kr / openapi.gg.go.kr refuse this machine (""보안 정책에 의해 차단"")"
SGIS-31150,시흥시,경기도,CITY,31150,SOURCE_NOT_AVAILABLE,"province-wide 경기도 청사및출장소 현황 (15057551, WGS84) exists but data.gg.go.kr / openapi.gg.go.kr refuse this machine (""보안 정책에 의해 차단"")"
SGIS-31160,군포시,경기도,CITY,31160,SOURCE_NOT_AVAILABLE,"province-wide 경기도 청사및출장소 현황 (15057551, WGS84) exists but data.gg.go.kr / openapi.gg.go.kr refuse this machine (""보안 정책에 의해 차단"")"
SGIS-31170,의왕시,경기도,CITY,31170,SOURCE_NOT_AVAILABLE,"province-wide 경기도 청사및출장소 현황 (15057551, WGS84) exists but data.gg.go.kr / openapi.gg.go.kr refuse this machine (""보안 정책에 의해 차단"")"
SGIS-31180,하남시,경기도,CITY,31180,SOURCE_NOT_AVAILABLE,"province-wide 경기도 청사및출장소 현황 (15057551, WGS84) exists but data.gg.go.kr / openapi.gg.go.kr refuse this machine (""보안 정책에 의해 차단"")"
SGIS-31191,용인시 처인구,경기도,DISTRICT,31191,SOURCE_NOT_AVAILABLE,"province-wide 경기도 청사및출장소 현황 (15057551, WGS84) exists but data.gg.go.kr / openapi.gg.go.kr refuse this machine (""보안 정책에 의해 차단"")"
SGIS-31192,용인시 기흥구,경기도,DISTRICT,31192,SOURCE_NOT_AVAILABLE,"province-wide 경기도 청사및출장소 현황 (15057551, WGS84) exists but data.gg.go.kr / openapi.gg.go.kr refuse this machine (""보안 정책에 의해 차단"")"
SGIS-31193,용인시 수지구,경기도,DISTRICT,31193,SOURCE_NOT_AVAILABLE,"province-wide 경기도 청사및출장소 현황 (15057551, WGS84) exists but data.gg.go.kr / openapi.gg.go.kr refuse this machine (""보안 정책에 의해 차단"")"
SGIS-31200,파주시,경기도,CITY,31200,SOURCE_NOT_AVAILABLE,"province-wide 경기도 청사및출장소 현황 (15057551, WGS84) exists but data.gg.go.kr / openapi.gg.go.kr refuse this machine (""보안 정책에 의해 차단"")"
SGIS-31210,이천시,경기도,CITY,31210,OFFICIAL_COORDINATE_AVAILABLE,경기도 이천시_관공서현황 (15043415); inside polygon=True; 8.03 km from V0.2 point
SGIS-31220,안성시,경기도,CITY,31220,SOURCE_NOT_AVAILABLE,"province-wide 경기도 청사및출장소 현황 (15057551, WGS84) exists but data.gg.go.kr / openapi.gg.go.kr refuse this machine (""보안 정책에 의해 차단"")"
SGIS-31230,김포시,경기도,CITY,31230,SOURCE_NOT_AVAILABLE,"province-wide 경기도 청사및출장소 현황 (15057551, WGS84) exists but data.gg.go.kr / openapi.gg.go.kr refuse this machine (""보안 정책에 의해 차단"")"
SGIS-31240,화성시,경기도,CITY,31240,SOURCE_NOT_AVAILABLE,"province-wide 경기도 청사및출장소 현황 (15057551, WGS84) exists but data.gg.go.kr / openapi.gg.go.kr refuse this machine (""보안 정책에 의해 차단"")"
SGIS-31250,광주시,경기도,CITY,31250,SOURCE_NOT_AVAILABLE,"province-wide 경기도 청사및출장소 현황 (15057551, WGS84) exists but data.gg.go.kr / openapi.gg.go.kr refuse this machine (""보안 정책에 의해 차단"")"
SGIS-31260,양주시,경기도,CITY,31260,SOURCE_NOT_AVAILABLE,"province-wide 경기도 청사및출장소 현황 (15057551, WGS84) exists but data.gg.go.kr / openapi.gg.go.kr refuse this machine (""보안 정책에 의해 차단"")"
SGIS-31270,포천시,경기도,CITY,31270,SOURCE_NOT_AVAILABLE,"province-wide 경기도 청사및출장소 현황 (15057551, WGS84) exists but data.gg.go.kr / openapi.gg.go.kr refuse this machine (""보안 정책에 의해 차단"")"
SGIS-31280,여주시,경기도,CITY,31280,OFFICIAL_COORDINATE_AVAILABLE,경기도 여주시_관공서현황 (15100690); inside polygon=True; 1.32 km from V0.2 point
SGIS-31550,연천군,경기도,COUNTY,31550,SOURCE_NOT_AVAILABLE,"province-wide 경기도 청사및출장소 현황 (15057551, WGS84) exists but data.gg.go.kr / openapi.gg.go.kr refuse this machine (""보안 정책에 의해 차단"")"
SGIS-31570,가평군,경기도,COUNTY,31570,SOURCE_NOT_AVAILABLE,"province-wide 경기도 청사및출장소 현황 (15057551, WGS84) exists but data.gg.go.kr / openapi.gg.go.kr refuse this machine (""보안 정책에 의해 차단"")"
SGIS-31580,양평군,경기도,COUNTY,31580,SOURCE_NOT_AVAILABLE,"province-wide 경기도 청사및출장소 현황 (15057551, WGS84) exists but data.gg.go.kr / openapi.gg.go.kr refuse this machine (""보안 정책에 의해 차단"")"
SGIS-32010,춘천시,강원특별자치도,CITY,32010,OFFICIAL_COORDINATE_NOT_FOUND,no coordinate-bearing official office dataset found on data.go.kr
SGIS-32020,원주시,강원특별자치도,CITY,32020,OFFICIAL_COORDINATE_NOT_FOUND,no coordinate-bearing official office dataset found on data.go.kr
SGIS-32030,강릉시,강원특별자치도,CITY,32030,OFFICIAL_COORDINATE_AVAILABLE,강원특별자치도 강릉시_행정기관현황 (15013731); inside polygon=True; 4.9 km from V0.2 point
SGIS-32040,동해시,강원특별자치도,CITY,32040,OFFICIAL_COORDINATE_NOT_FOUND,no coordinate-bearing official office dataset found on data.go.kr
SGIS-32050,태백시,강원특별자치도,CITY,32050,OFFICIAL_COORDINATE_NOT_FOUND,no coordinate-bearing official office dataset found on data.go.kr
SGIS-32060,속초시,강원특별자치도,CITY,32060,OFFICIAL_COORDINATE_NOT_FOUND,no coordinate-bearing official office dataset found on data.go.kr
SGIS-32070,삼척시,강원특별자치도,CITY,32070,OFFICIAL_COORDINATE_NOT_FOUND,no coordinate-bearing official office dataset found on data.go.kr
SGIS-32510,홍천군,강원특별자치도,COUNTY,32510,OFFICIAL_COORDINATE_NOT_FOUND,no coordinate-bearing official office dataset found on data.go.kr
SGIS-32520,횡성군,강원특별자치도,COUNTY,32520,OFFICIAL_COORDINATE_NOT_FOUND,no coordinate-bearing official office dataset found on data.go.kr
SGIS-32530,영월군,강원특별자치도,COUNTY,32530,OFFICIAL_COORDINATE_NOT_FOUND,no coordinate-bearing official office dataset found on data.go.kr
SGIS-32540,평창군,강원특별자치도,COUNTY,32540,OFFICIAL_COORDINATE_NOT_FOUND,no coordinate-bearing official office dataset found on data.go.kr
SGIS-32550,정선군,강원특별자치도,COUNTY,32550,OFFICIAL_COORDINATE_NOT_FOUND,no coordinate-bearing official office dataset found on data.go.kr
SGIS-32560,철원군,강원특별자치도,COUNTY,32560,OFFICIAL_COORDINATE_NOT_FOUND,no coordinate-bearing official office dataset found on data.go.kr
SGIS-32570,화천군,강원특별자치도,COUNTY,32570,OFFICIAL_COORDINATE_NOT_FOUND,no coordinate-bearing official office dataset found on data.go.kr
SGIS-32580,양구군,강원특별자치도,COUNTY,32580,OFFICIAL_COORDINATE_NOT_FOUND,no coordinate-bearing official office dataset found on data.go.kr
SGIS-32590,인제군,강원특별자치도,COUNTY,32590,OFFICIAL_COORDINATE_NOT_FOUND,no coordinate-bearing official office dataset found on data.go.kr
SGIS-32600,고성군,강원특별자치도,COUNTY,32600,OFFICIAL_COORDINATE_NOT_FOUND,no coordinate-bearing official office dataset found on data.go.kr
SGIS-32610,양양군,강원특별자치도,COUNTY,32610,OFFICIAL_COORDINATE_NOT_FOUND,no coordinate-bearing official office dataset found on data.go.kr
SGIS-33020,충주시,충청북도,CITY,33020,OFFICIAL_COORDINATE_NOT_FOUND,no coordinate-bearing official office dataset found on data.go.kr
SGIS-33030,제천시,충청북도,CITY,33030,OFFICIAL_COORDINATE_NOT_FOUND,no coordinate-bearing official office dataset found on data.go.kr
SGIS-33041,청주시 상당구,충청북도,DISTRICT,33041,OFFICIAL_COORDINATE_NOT_FOUND,no coordinate-bearing official office dataset found on data.go.kr
SGIS-33042,청주시 서원구,충청북도,DISTRICT,33042,OFFICIAL_COORDINATE_NOT_FOUND,no coordinate-bearing official office dataset found on data.go.kr
SGIS-33043,청주시 흥덕구,충청북도,DISTRICT,33043,OFFICIAL_COORDINATE_NOT_FOUND,no coordinate-bearing official office dataset found on data.go.kr
SGIS-33044,청주시 청원구,충청북도,DISTRICT,33044,OFFICIAL_COORDINATE_NOT_FOUND,no coordinate-bearing official office dataset found on data.go.kr
SGIS-33520,보은군,충청북도,COUNTY,33520,OFFICIAL_COORDINATE_NOT_FOUND,no coordinate-bearing official office dataset found on data.go.kr
SGIS-33530,옥천군,충청북도,COUNTY,33530,OFFICIAL_COORDINATE_NOT_FOUND,no coordinate-bearing official office dataset found on data.go.kr
SGIS-33540,영동군,충청북도,COUNTY,33540,OFFICIAL_COORDINATE_NOT_FOUND,no coordinate-bearing official office dataset found on data.go.kr
SGIS-33550,진천군,충청북도,COUNTY,33550,OFFICIAL_COORDINATE_NOT_FOUND,no coordinate-bearing official office dataset found on data.go.kr
SGIS-33560,괴산군,충청북도,COUNTY,33560,OFFICIAL_COORDINATE_NOT_FOUND,no coordinate-bearing official office dataset found on data.go.kr
SGIS-33570,음성군,충청북도,COUNTY,33570,OFFICIAL_COORDINATE_NOT_FOUND,no coordinate-bearing official office dataset found on data.go.kr
SGIS-33580,단양군,충청북도,COUNTY,33580,OFFICIAL_COORDINATE_NOT_FOUND,no coordinate-bearing official office dataset found on data.go.kr
SGIS-33590,증평군,충청북도,COUNTY,33590,OFFICIAL_COORDINATE_NOT_FOUND,no coordinate-bearing official office dataset found on data.go.kr
SGIS-34011,천안시 동남구,충청남도,DISTRICT,34011,OFFICIAL_COORDINATE_NOT_FOUND,no coordinate-bearing official office dataset found on data.go.kr
SGIS-34012,천안시 서북구,충청남도,DISTRICT,34012,OFFICIAL_COORDINATE_NOT_FOUND,no coordinate-bearing official office dataset found on data.go.kr
SGIS-34020,공주시,충청남도,CITY,34020,OFFICIAL_COORDINATE_NOT_FOUND,no coordinate-bearing official office dataset found on data.go.kr
SGIS-34030,보령시,충청남도,CITY,34030,OFFICIAL_COORDINATE_NOT_FOUND,no coordinate-bearing official office dataset found on data.go.kr
SGIS-34040,아산시,충청남도,CITY,34040,OFFICIAL_COORDINATE_NOT_FOUND,no coordinate-bearing official office dataset found on data.go.kr
SGIS-34050,서산시,충청남도,CITY,34050,OFFICIAL_COORDINATE_NOT_FOUND,no coordinate-bearing official office dataset found on data.go.kr
SGIS-34060,논산시,충청남도,CITY,34060,OFFICIAL_COORDINATE_NOT_FOUND,no coordinate-bearing official office dataset found on data.go.kr
SGIS-34070,계룡시,충청남도,CITY,34070,OFFICIAL_COORDINATE_NOT_FOUND,no coordinate-bearing official office dataset found on data.go.kr
SGIS-34080,당진시,충청남도,CITY,34080,OFFICIAL_COORDINATE_NOT_FOUND,no coordinate-bearing official office dataset found on data.go.kr
SGIS-34510,금산군,충청남도,COUNTY,34510,OFFICIAL_COORDINATE_NOT_FOUND,no coordinate-bearing official office dataset found on data.go.kr
SGIS-34530,부여군,충청남도,COUNTY,34530,OFFICIAL_COORDINATE_NOT_FOUND,no coordinate-bearing official office dataset found on data.go.kr
SGIS-34540,서천군,충청남도,COUNTY,34540,OFFICIAL_COORDINATE_NOT_FOUND,no coordinate-bearing official office dataset found on data.go.kr
SGIS-34550,청양군,충청남도,COUNTY,34550,OFFICIAL_COORDINATE_NOT_FOUND,no coordinate-bearing official office dataset found on data.go.kr
SGIS-34560,홍성군,충청남도,COUNTY,34560,OFFICIAL_COORDINATE_NOT_FOUND,no coordinate-bearing official office dataset found on data.go.kr
SGIS-34570,예산군,충청남도,COUNTY,34570,OFFICIAL_COORDINATE_NOT_FOUND,no coordinate-bearing official office dataset found on data.go.kr
SGIS-34580,태안군,충청남도,COUNTY,34580,OFFICIAL_COORDINATE_NOT_FOUND,no coordinate-bearing official office dataset found on data.go.kr
SGIS-35011,전주시 완산구,전북특별자치도,DISTRICT,35011,OFFICIAL_COORDINATE_NOT_FOUND,no coordinate-bearing official office dataset found on data.go.kr
SGIS-35012,전주시 덕진구,전북특별자치도,DISTRICT,35012,OFFICIAL_COORDINATE_NOT_FOUND,no coordinate-bearing official office dataset found on data.go.kr
SGIS-35020,군산시,전북특별자치도,CITY,35020,OFFICIAL_COORDINATE_NOT_FOUND,no coordinate-bearing official office dataset found on data.go.kr
SGIS-35030,익산시,전북특별자치도,CITY,35030,OFFICIAL_COORDINATE_NOT_FOUND,no coordinate-bearing official office dataset found on data.go.kr
SGIS-35040,정읍시,전북특별자치도,CITY,35040,OFFICIAL_COORDINATE_NOT_FOUND,no coordinate-bearing official office dataset found on data.go.kr
SGIS-35050,남원시,전북특별자치도,CITY,35050,OFFICIAL_COORDINATE_NOT_FOUND,no coordinate-bearing official office dataset found on data.go.kr
SGIS-35060,김제시,전북특별자치도,CITY,35060,OFFICIAL_COORDINATE_NOT_FOUND,no coordinate-bearing official office dataset found on data.go.kr
SGIS-35510,완주군,전북특별자치도,COUNTY,35510,OFFICIAL_COORDINATE_NOT_FOUND,no coordinate-bearing official office dataset found on data.go.kr
SGIS-35520,진안군,전북특별자치도,COUNTY,35520,OFFICIAL_COORDINATE_NOT_FOUND,no coordinate-bearing official office dataset found on data.go.kr
SGIS-35530,무주군,전북특별자치도,COUNTY,35530,OFFICIAL_COORDINATE_AVAILABLE,전북특별자치도 무주군_행정기관 (15013855); inside polygon=True; 10.1 km from V0.2 point
SGIS-35540,장수군,전북특별자치도,COUNTY,35540,OFFICIAL_COORDINATE_NOT_FOUND,no coordinate-bearing official office dataset found on data.go.kr
SGIS-35550,임실군,전북특별자치도,COUNTY,35550,OFFICIAL_COORDINATE_NOT_FOUND,no coordinate-bearing official office dataset found on data.go.kr
SGIS-35560,순창군,전북특별자치도,COUNTY,35560,OFFICIAL_COORDINATE_NOT_FOUND,no coordinate-bearing official office dataset found on data.go.kr
SGIS-35570,고창군,전북특별자치도,COUNTY,35570,OFFICIAL_COORDINATE_NOT_FOUND,no coordinate-bearing official office dataset found on data.go.kr
SGIS-35580,부안군,전북특별자치도,COUNTY,35580,OFFICIAL_COORDINATE_NOT_FOUND,no coordinate-bearing official office dataset found on data.go.kr
SGIS-36010,목포시,전라남도,CITY,36010,OFFICIAL_COORDINATE_NOT_FOUND,no coordinate-bearing official office dataset found on data.go.kr | parent now 전남광주통합특별시
SGIS-36020,여수시,전라남도,CITY,36020,OFFICIAL_COORDINATE_NOT_FOUND,no coordinate-bearing official office dataset found on data.go.kr | parent now 전남광주통합특별시
SGIS-36030,순천시,전라남도,CITY,36030,OFFICIAL_COORDINATE_NOT_FOUND,no coordinate-bearing official office dataset found on data.go.kr | parent now 전남광주통합특별시
SGIS-36040,나주시,전라남도,CITY,36040,OFFICIAL_COORDINATE_NOT_FOUND,no coordinate-bearing official office dataset found on data.go.kr | parent now 전남광주통합특별시
SGIS-36060,광양시,전라남도,CITY,36060,OFFICIAL_COORDINATE_NOT_FOUND,no coordinate-bearing official office dataset found on data.go.kr | parent now 전남광주통합특별시
SGIS-36510,담양군,전라남도,COUNTY,36510,OFFICIAL_COORDINATE_NOT_FOUND,no coordinate-bearing official office dataset found on data.go.kr | parent now 전남광주통합특별시
SGIS-36520,곡성군,전라남도,COUNTY,36520,OFFICIAL_COORDINATE_NOT_FOUND,no coordinate-bearing official office dataset found on data.go.kr | parent now 전남광주통합특별시
SGIS-36530,구례군,전라남도,COUNTY,36530,OFFICIAL_COORDINATE_NOT_FOUND,no coordinate-bearing official office dataset found on data.go.kr | parent now 전남광주통합특별시
SGIS-36550,고흥군,전라남도,COUNTY,36550,OFFICIAL_COORDINATE_NOT_FOUND,no coordinate-bearing official office dataset found on data.go.kr | parent now 전남광주통합특별시
SGIS-36560,보성군,전라남도,COUNTY,36560,OFFICIAL_COORDINATE_NOT_FOUND,no coordinate-bearing official office dataset found on data.go.kr | parent now 전남광주통합특별시
SGIS-36570,화순군,전라남도,COUNTY,36570,OFFICIAL_COORDINATE_NOT_FOUND,no coordinate-bearing official office dataset found on data.go.kr | parent now 전남광주통합특별시
SGIS-36580,장흥군,전라남도,COUNTY,36580,OFFICIAL_COORDINATE_NOT_FOUND,no coordinate-bearing official office dataset found on data.go.kr | parent now 전남광주통합특별시
SGIS-36590,강진군,전라남도,COUNTY,36590,OFFICIAL_COORDINATE_NOT_FOUND,no coordinate-bearing official office dataset found on data.go.kr | parent now 전남광주통합특별시
SGIS-36600,해남군,전라남도,COUNTY,36600,OFFICIAL_COORDINATE_NOT_FOUND,no coordinate-bearing official office dataset found on data.go.kr | parent now 전남광주통합특별시
SGIS-36610,영암군,전라남도,COUNTY,36610,OFFICIAL_COORDINATE_NOT_FOUND,no coordinate-bearing official office dataset found on data.go.kr | parent now 전남광주통합특별시
SGIS-36620,무안군,전라남도,COUNTY,36620,OFFICIAL_COORDINATE_NOT_FOUND,no coordinate-bearing official office dataset found on data.go.kr | parent now 전남광주통합특별시
SGIS-36630,함평군,전라남도,COUNTY,36630,OFFICIAL_COORDINATE_NOT_FOUND,no coordinate-bearing official office dataset found on data.go.kr | parent now 전남광주통합특별시
SGIS-36640,영광군,전라남도,COUNTY,36640,OFFICIAL_COORDINATE_NOT_FOUND,no coordinate-bearing official office dataset found on data.go.kr | parent now 전남광주통합특별시
SGIS-36650,장성군,전라남도,COUNTY,36650,OFFICIAL_COORDINATE_NOT_FOUND,no coordinate-bearing official office dataset found on data.go.kr | parent now 전남광주통합특별시
SGIS-36660,완도군,전라남도,COUNTY,36660,OFFICIAL_COORDINATE_NOT_FOUND,no coordinate-bearing official office dataset found on data.go.kr | parent now 전남광주통합특별시
SGIS-36670,진도군,전라남도,COUNTY,36670,OFFICIAL_COORDINATE_NOT_FOUND,no coordinate-bearing official office dataset found on data.go.kr | parent now 전남광주통합특별시
SGIS-36680,신안군,전라남도,COUNTY,36680,OFFICIAL_COORDINATE_AVAILABLE,전남광주통합특별시 신안군_행정기관정보 (15013603); inside polygon=True; 23.47 km from V0.2 point | parent now 전남광주통합특별시
SGIS-37011,포항시 남구,경상북도,DISTRICT,37011,OFFICIAL_COORDINATE_NOT_FOUND,no coordinate-bearing official office dataset found on data.go.kr
SGIS-37012,포항시 북구,경상북도,DISTRICT,37012,OFFICIAL_COORDINATE_NOT_FOUND,no coordinate-bearing official office dataset found on data.go.kr
SGIS-37020,경주시,경상북도,CITY,37020,OFFICIAL_COORDINATE_NOT_FOUND,no coordinate-bearing official office dataset found on data.go.kr
SGIS-37030,김천시,경상북도,CITY,37030,OFFICIAL_COORDINATE_NOT_FOUND,no coordinate-bearing official office dataset found on data.go.kr
SGIS-37040,안동시,경상북도,CITY,37040,OFFICIAL_COORDINATE_NOT_FOUND,no coordinate-bearing official office dataset found on data.go.kr
SGIS-37050,구미시,경상북도,CITY,37050,OFFICIAL_COORDINATE_NOT_FOUND,no coordinate-bearing official office dataset found on data.go.kr
SGIS-37060,영주시,경상북도,CITY,37060,OFFICIAL_COORDINATE_NOT_FOUND,no coordinate-bearing official office dataset found on data.go.kr
SGIS-37070,영천시,경상북도,CITY,37070,OFFICIAL_COORDINATE_NOT_FOUND,no coordinate-bearing official office dataset found on data.go.kr
SGIS-37080,상주시,경상북도,CITY,37080,OFFICIAL_COORDINATE_NOT_FOUND,no coordinate-bearing official office dataset found on data.go.kr
SGIS-37090,문경시,경상북도,CITY,37090,OFFICIAL_COORDINATE_NOT_FOUND,no coordinate-bearing official office dataset found on data.go.kr
SGIS-37100,경산시,경상북도,CITY,37100,OFFICIAL_COORDINATE_NOT_FOUND,no coordinate-bearing official office dataset found on data.go.kr
SGIS-37520,의성군,경상북도,COUNTY,37520,OFFICIAL_COORDINATE_NOT_FOUND,no coordinate-bearing official office dataset found on data.go.kr
SGIS-37530,청송군,경상북도,COUNTY,37530,OFFICIAL_COORDINATE_NOT_FOUND,no coordinate-bearing official office dataset found on data.go.kr
SGIS-37540,영양군,경상북도,COUNTY,37540,OFFICIAL_COORDINATE_AVAILABLE,경상북도 영양군_행정기관 현황 (15013800); inside polygon=True; 2.91 km from V0.2 point
SGIS-37550,영덕군,경상북도,COUNTY,37550,OFFICIAL_COORDINATE_NOT_FOUND,no coordinate-bearing official office dataset found on data.go.kr
SGIS-37560,청도군,경상북도,COUNTY,37560,OFFICIAL_COORDINATE_NOT_FOUND,no coordinate-bearing official office dataset found on data.go.kr
SGIS-37570,고령군,경상북도,COUNTY,37570,OFFICIAL_COORDINATE_NOT_FOUND,no coordinate-bearing official office dataset found on data.go.kr
SGIS-37580,성주군,경상북도,COUNTY,37580,OFFICIAL_COORDINATE_NOT_FOUND,no coordinate-bearing official office dataset found on data.go.kr
SGIS-37590,칠곡군,경상북도,COUNTY,37590,OFFICIAL_COORDINATE_NOT_FOUND,no coordinate-bearing official office dataset found on data.go.kr
SGIS-37600,예천군,경상북도,COUNTY,37600,OFFICIAL_COORDINATE_NOT_FOUND,no coordinate-bearing official office dataset found on data.go.kr
SGIS-37610,봉화군,경상북도,COUNTY,37610,OFFICIAL_COORDINATE_NOT_FOUND,no coordinate-bearing official office dataset found on data.go.kr
SGIS-37620,울진군,경상북도,COUNTY,37620,OFFICIAL_COORDINATE_NOT_FOUND,no coordinate-bearing official office dataset found on data.go.kr
SGIS-37630,울릉군,경상북도,COUNTY,37630,OFFICIAL_COORDINATE_NOT_FOUND,no coordinate-bearing official office dataset found on data.go.kr
SGIS-38030,진주시,경상남도,CITY,38030,OFFICIAL_COORDINATE_NOT_FOUND,no coordinate-bearing official office dataset found on data.go.kr
SGIS-38050,통영시,경상남도,CITY,38050,OFFICIAL_COORDINATE_NOT_FOUND,no coordinate-bearing official office dataset found on data.go.kr
SGIS-38060,사천시,경상남도,CITY,38060,OFFICIAL_COORDINATE_NOT_FOUND,no coordinate-bearing official office dataset found on data.go.kr
SGIS-38070,김해시,경상남도,CITY,38070,OFFICIAL_COORDINATE_NOT_FOUND,no coordinate-bearing official office dataset found on data.go.kr
SGIS-38080,밀양시,경상남도,CITY,38080,OFFICIAL_COORDINATE_NOT_FOUND,no coordinate-bearing official office dataset found on data.go.kr
SGIS-38090,거제시,경상남도,CITY,38090,OFFICIAL_COORDINATE_AVAILABLE,경상남도 거제시 관공서 현황 (15013606); inside polygon=True; 2.97 km from V0.2 point
SGIS-38100,양산시,경상남도,CITY,38100,OFFICIAL_COORDINATE_AVAILABLE,경상남도 양산시_청사 현황 (15074119); inside polygon=True; 7.64 km from V0.2 point
SGIS-38111,창원시 의창구,경상남도,DISTRICT,38111,OFFICIAL_COORDINATE_NOT_FOUND,no coordinate-bearing official office dataset found on data.go.kr
SGIS-38112,창원시 성산구,경상남도,DISTRICT,38112,OFFICIAL_COORDINATE_NOT_FOUND,no coordinate-bearing official office dataset found on data.go.kr
SGIS-38113,창원시 마산합포구,경상남도,DISTRICT,38113,OFFICIAL_COORDINATE_NOT_FOUND,no coordinate-bearing official office dataset found on data.go.kr
SGIS-38114,창원시 마산회원구,경상남도,DISTRICT,38114,OFFICIAL_COORDINATE_NOT_FOUND,no coordinate-bearing official office dataset found on data.go.kr
SGIS-38115,창원시 진해구,경상남도,DISTRICT,38115,OFFICIAL_COORDINATE_NOT_FOUND,no coordinate-bearing official office dataset found on data.go.kr
SGIS-38510,의령군,경상남도,COUNTY,38510,OFFICIAL_COORDINATE_NOT_FOUND,no coordinate-bearing official office dataset found on data.go.kr
SGIS-38520,함안군,경상남도,COUNTY,38520,OFFICIAL_COORDINATE_NOT_FOUND,no coordinate-bearing official office dataset found on data.go.kr
SGIS-38530,창녕군,경상남도,COUNTY,38530,OFFICIAL_COORDINATE_NOT_FOUND,no coordinate-bearing official office dataset found on data.go.kr
SGIS-38540,고성군,경상남도,COUNTY,38540,OFFICIAL_COORDINATE_NOT_FOUND,no coordinate-bearing official office dataset found on data.go.kr
SGIS-38550,남해군,경상남도,COUNTY,38550,OFFICIAL_COORDINATE_NOT_FOUND,no coordinate-bearing official office dataset found on data.go.kr
SGIS-38560,하동군,경상남도,COUNTY,38560,OFFICIAL_COORDINATE_NOT_FOUND,no coordinate-bearing official office dataset found on data.go.kr
SGIS-38570,산청군,경상남도,COUNTY,38570,OFFICIAL_COORDINATE_NOT_FOUND,no coordinate-bearing official office dataset found on data.go.kr
SGIS-38580,함양군,경상남도,COUNTY,38580,OFFICIAL_COORDINATE_NOT_FOUND,no coordinate-bearing official office dataset found on data.go.kr
SGIS-38590,거창군,경상남도,COUNTY,38590,OFFICIAL_COORDINATE_NOT_FOUND,no coordinate-bearing official office dataset found on data.go.kr
SGIS-38600,합천군,경상남도,COUNTY,38600,OFFICIAL_COORDINATE_NOT_FOUND,no coordinate-bearing official office dataset found on data.go.kr
SGIS-39010,제주시,제주특별자치도,CITY,39010,OFFICIAL_COORDINATE_NOT_FOUND,no coordinate-bearing official office dataset found on data.go.kr
SGIS-39020,서귀포시,제주특별자치도,CITY,39020,OFFICIAL_COORDINATE_NOT_FOUND,no coordinate-bearing official office dataset found on data.go.kr
