municipality_id,municipality,province,level,sgis_code,office,address,office_source,geocoder,coordinate_method,lat,lon,polygon_check,status,note
SGIS-11,서울특별시,서울특별시,METROPOLITAN,11,,,,,,,,,SOURCE_NOT_AVAILABLE,no government office-address dataset found on data.go.kr
SGIS-21,부산광역시,부산광역시,METROPOLITAN,21,,,,,,,,,SOURCE_NOT_AVAILABLE,부산광역시_구군 행정기관 현황 API (15034031) — key not activated
SGIS-22,대구광역시,대구광역시,METROPOLITAN,22,,,,,,,,,AMBIGUOUS_OFFICE,대구광역시청: 동인청사 : 대구광역시 중구 공평로 88 / 산격청사 : 대구광역시 북구 연암로 40 / 대구광역시청: 동인청사 : 대구광역시 중구 공평로 88 / 산격청사 : 대구광역시 북구 연암로 40
SGIS-23,인천광역시,인천광역시,METROPOLITAN,23,인천광역시청,인천광역시 남동구 정각로 29(구월동),인천광역시_행정기관 현황 (data.go.kr 15013638),,,,,,OFFICIAL_ADDRESS_AVAILABLE,
SGIS-24,광주광역시,광주광역시,METROPOLITAN,24,,,,,,,,,ADMINISTRATIVE_VINTAGE_MISMATCH,
SGIS-25,대전광역시,대전광역시,METROPOLITAN,25,,,,,,,,,SOURCE_NOT_AVAILABLE,no government office-address dataset found on data.go.kr
SGIS-26,울산광역시,울산광역시,METROPOLITAN,26,,,,,,,,,SOURCE_NOT_AVAILABLE,no government office-address dataset found on data.go.kr
SGIS-29,세종특별자치시,세종특별자치시,METROPOLITAN,29,,,,,,,,,SOURCE_NOT_AVAILABLE,세종 공공기관현황 API (15098321) — key not activated
SGIS-31,경기도,경기도,PROVINCE,31,,,,,,,,,SOURCE_NOT_AVAILABLE,경기도 청사및출장소 현황 (15057551) — portal/API refuse this machine
SGIS-32,강원특별자치도,강원특별자치도,PROVINCE,32,,,,,,,,,SOURCE_NOT_AVAILABLE,no government office-address dataset found on data.go.kr
SGIS-33,충청북도,충청북도,PROVINCE,33,충북도청,충청북도 충청북도 청주시 상당구 상당로 82,충청북도_행정기관 정보 (data.go.kr 15033291),,,,,,OFFICIAL_ADDRESS_AVAILABLE,
SGIS-34,충청남도,충청남도,PROVINCE,34,,,,,,,,,SOURCE_NOT_AVAILABLE,no government office-address dataset found on data.go.kr
SGIS-35,전북특별자치도,전북특별자치도,PROVINCE,35,,,,,,,,,SOURCE_NOT_AVAILABLE,no government office-address dataset found on data.go.kr
SGIS-36,전라남도,전라남도,PROVINCE,36,,,,,,,,,ADMINISTRATIVE_VINTAGE_MISMATCH,
SGIS-37,경상북도,경상북도,PROVINCE,37,경상북도청,경상북도 안동시 풍천면 도청대로 455,경상북도_도청 시군청 정보 (data.go.kr 15044825),,,,,,OFFICIAL_ADDRESS_AVAILABLE,
SGIS-38,경상남도,경상남도,PROVINCE,38,경상남도청,경상남도 창원시 의창구 중앙대로 300 (사림동),경상남도_공공기관현황 (data.go.kr 15019372),,,,,,OFFICIAL_ADDRESS_AVAILABLE,
SGIS-39,제주특별자치도,제주특별자치도,PROVINCE,39,,,,,,,,,SOURCE_NOT_AVAILABLE,no government office-address dataset found on data.go.kr
SGIS-11010,종로구,서울특별시,DISTRICT,11010,,,,,,,,,SOURCE_NOT_AVAILABLE,no government office-address dataset found on data.go.kr
SGIS-11020,중구,서울특별시,DISTRICT,11020,,,,,,,,,SOURCE_NOT_AVAILABLE,no government office-address dataset found on data.go.kr
SGIS-11030,용산구,서울특별시,DISTRICT,11030,,,,,,,,,SOURCE_NOT_AVAILABLE,no government office-address dataset found on data.go.kr
SGIS-11040,성동구,서울특별시,DISTRICT,11040,,,,,,,,,SOURCE_NOT_AVAILABLE,no government office-address dataset found on data.go.kr
SGIS-11050,광진구,서울특별시,DISTRICT,11050,,,,,,,,,SOURCE_NOT_AVAILABLE,no government office-address dataset found on data.go.kr
SGIS-11060,동대문구,서울특별시,DISTRICT,11060,,,,,,,,,SOURCE_NOT_AVAILABLE,no government office-address dataset found on data.go.kr
SGIS-11070,중랑구,서울특별시,DISTRICT,11070,,,,,,,,,SOURCE_NOT_AVAILABLE,no government office-address dataset found on data.go.kr
SGIS-11080,성북구,서울특별시,DISTRICT,11080,,,,,,,,,SOURCE_NOT_AVAILABLE,no government office-address dataset found on data.go.kr
SGIS-11090,강북구,서울특별시,DISTRICT,11090,,,,,,,,,SOURCE_NOT_AVAILABLE,no government office-address dataset found on data.go.kr
SGIS-11100,도봉구,서울특별시,DISTRICT,11100,,,,,,,,,SOURCE_NOT_AVAILABLE,no government office-address dataset found on data.go.kr
SGIS-11110,노원구,서울특별시,DISTRICT,11110,,,,,,,,,SOURCE_NOT_AVAILABLE,no government office-address dataset found on data.go.kr
SGIS-11120,은평구,서울특별시,DISTRICT,11120,,,,,,,,,SOURCE_NOT_AVAILABLE,no government office-address dataset found on data.go.kr
SGIS-11130,서대문구,서울특별시,DISTRICT,11130,,,,,,,,,SOURCE_NOT_AVAILABLE,no government office-address dataset found on data.go.kr
SGIS-11140,마포구,서울특별시,DISTRICT,11140,,,,,,,,,SOURCE_NOT_AVAILABLE,no government office-address dataset found on data.go.kr
SGIS-11150,양천구,서울특별시,DISTRICT,11150,,,,,,,,,SOURCE_NOT_AVAILABLE,no government office-address dataset found on data.go.kr
SGIS-11160,강서구,서울특별시,DISTRICT,11160,,,,,,,,,SOURCE_NOT_AVAILABLE,no government office-address dataset found on data.go.kr
SGIS-11170,구로구,서울특별시,DISTRICT,11170,,,,,,,,,SOURCE_NOT_AVAILABLE,no government office-address dataset found on data.go.kr
SGIS-11180,금천구,서울특별시,DISTRICT,11180,,,,,,,,,SOURCE_NOT_AVAILABLE,no government office-address dataset found on data.go.kr
SGIS-11190,영등포구,서울특별시,DISTRICT,11190,,,,,,,,,SOURCE_NOT_AVAILABLE,no government office-address dataset found on data.go.kr
SGIS-11200,동작구,서울특별시,DISTRICT,11200,,,,,,,,,SOURCE_NOT_AVAILABLE,no government office-address dataset found on data.go.kr
SGIS-11210,관악구,서울특별시,DISTRICT,11210,,,,,,,,,SOURCE_NOT_AVAILABLE,no government office-address dataset found on data.go.kr
SGIS-11220,서초구,서울특별시,DISTRICT,11220,,,,,,,,,SOURCE_NOT_AVAILABLE,no government office-address dataset found on data.go.kr
SGIS-11230,강남구,서울특별시,DISTRICT,11230,,,,,,,,,SOURCE_NOT_AVAILABLE,no government office-address dataset found on data.go.kr
SGIS-11240,송파구,서울특별시,DISTRICT,11240,,,,,,,,,SOURCE_NOT_AVAILABLE,no government office-address dataset found on data.go.kr
SGIS-11250,강동구,서울특별시,DISTRICT,11250,,,,,,,,,SOURCE_NOT_AVAILABLE,no government office-address dataset found on data.go.kr
SGIS-21010,중구,부산광역시,DISTRICT,21010,,,,,,,,,SOURCE_NOT_AVAILABLE,부산광역시_구군 행정기관 현황 API (15034031) — key not activated
SGIS-21020,서구,부산광역시,DISTRICT,21020,부산광역시서구청,부산광역시 서구 구덕로 120 (토성동4가),부산광역시 서구_행정기관 현황 (data.go.kr 15035234),,GOVERNMENT_PUBLISHED,35.09753855,129.023424,INSIDE,OFFICIAL_ADDRESS_AVAILABLE,
SGIS-21030,동구,부산광역시,DISTRICT,21030,,,,,,,,,SOURCE_NOT_AVAILABLE,부산광역시_구군 행정기관 현황 API (15034031) — key not activated
SGIS-21040,영도구,부산광역시,DISTRICT,21040,영도구청,"부산광역시 영도구 태종로 423(청학동, 영도구청)",부산광역시 영도구_공공기관 현황 (data.go.kr 3069138),,GOVERNMENT_PUBLISHED,35.09121408,129.0679144,INSIDE,OFFICIAL_ADDRESS_AVAILABLE,
SGIS-21050,부산진구,부산광역시,DISTRICT,21050,부산광역시부산진구청,부산광역시 부산진구 시민공원로 30 (부암동),부산광역시 부산진구_행정기관 현황 (data.go.kr 15065168),,GOVERNMENT_PUBLISHED,35.163117,129.053038,INSIDE,OFFICIAL_ADDRESS_AVAILABLE,
SGIS-21060,동래구,부산광역시,DISTRICT,21060,동래구청,부산광역시 동래구 충렬대로237번길 93,부산광역시_동래구_행정기관 현황 (data.go.kr 15039191),,GOVERNMENT_PUBLISHED,35.205127,129.083706,INSIDE,OFFICIAL_ADDRESS_AVAILABLE,
SGIS-21070,남구,부산광역시,DISTRICT,21070,남구청,부산광역시 남구 못골로 19 (대연동),부산광역시 남구 행정기관 현황 (data.go.kr 15013825),,,,,,OFFICIAL_ADDRESS_AVAILABLE,
SGIS-21080,북구,부산광역시,DISTRICT,21080,,,,,,,,,SOURCE_NOT_AVAILABLE,부산광역시_구군 행정기관 현황 API (15034031) — key not activated
SGIS-21090,해운대구,부산광역시,DISTRICT,21090,,,,,,,,,SOURCE_NOT_AVAILABLE,부산광역시_구군 행정기관 현황 API (15034031) — key not activated
SGIS-21100,사하구,부산광역시,DISTRICT,21100,,,,,,,,,SOURCE_NOT_AVAILABLE,부산광역시_구군 행정기관 현황 API (15034031) — key not activated
SGIS-21110,금정구,부산광역시,DISTRICT,21110,,,,,,,,,SOURCE_NOT_AVAILABLE,부산광역시_구군 행정기관 현황 API (15034031) — key not activated
SGIS-21120,강서구,부산광역시,DISTRICT,21120,,,,,,,,,SOURCE_NOT_AVAILABLE,부산광역시_구군 행정기관 현황 API (15034031) — key not activated
SGIS-21130,연제구,부산광역시,DISTRICT,21130,,,,,,,,,SOURCE_NOT_AVAILABLE,부산광역시_구군 행정기관 현황 API (15034031) — key not activated
SGIS-21140,수영구,부산광역시,DISTRICT,21140,,,,,,,,,SOURCE_NOT_AVAILABLE,부산광역시_구군 행정기관 현황 API (15034031) — key not activated
SGIS-21150,사상구,부산광역시,DISTRICT,21150,부산광역시사상구청,부산광역시 사상구 학감대로 242 (감전동),부산광역시_사상구_공공기관현황 (data.go.kr 15025564),,GOVERNMENT_PUBLISHED,35.1525693,128.99147,INSIDE,OFFICIAL_ADDRESS_AVAILABLE,
SGIS-21510,기장군,부산광역시,COUNTY,21510,기장군청,부산광역시 기장군 기장읍 기장대로 560,부산광역시 기장군_행정기관 현황 (data.go.kr 15048439),,GOVERNMENT_PUBLISHED,35.2385606,129.2161975,INSIDE,OFFICIAL_ADDRESS_AVAILABLE,
SGIS-22010,중구,대구광역시,DISTRICT,22010,대구광역시중구청,대구 중구 국채보상로139길 1,대구광역시_공공기관 및 관공서 리스트 (data.go.kr 15111262),,,,,,OFFICIAL_ADDRESS_AVAILABLE,
SGIS-22020,동구,대구광역시,DISTRICT,22020,대구광역시동구청,대구 동구 아양로 207,대구광역시_공공기관 및 관공서 리스트 (data.go.kr 15111262),,,,,,OFFICIAL_ADDRESS_AVAILABLE,
SGIS-22030,서구,대구광역시,DISTRICT,22030,서구청,대구광역시 서구 국채보상로 257(평리동),대구광역시 서구 관공서 현황 (data.go.kr 15014041),,,,,,OFFICIAL_ADDRESS_AVAILABLE,
SGIS-22040,남구,대구광역시,DISTRICT,22040,남구청,대구광역시 남구 이천로 51,대구광역시 남구_행정기관 현황 (data.go.kr 15034115),,GOVERNMENT_PUBLISHED,35.84601264,128.5976992,INSIDE,OFFICIAL_ADDRESS_AVAILABLE,
SGIS-22050,북구,대구광역시,DISTRICT,22050,대구광역시북구청,대구 북구 옥산로 65,대구광역시_공공기관 및 관공서 리스트 (data.go.kr 15111262),,,,,,OFFICIAL_ADDRESS_AVAILABLE,
SGIS-22060,수성구,대구광역시,DISTRICT,22060,수성구청,대구광역시 수성구 달구벌대로 2450(범어동),대구광역시_수성구_행정기관 (data.go.kr 15046135),,,,,,OFFICIAL_ADDRESS_AVAILABLE,
SGIS-22070,달서구,대구광역시,DISTRICT,22070,대구광역시달서구청,대구 달서구 학산로 45,대구광역시_공공기관 및 관공서 리스트 (data.go.kr 15111262),,,,,,OFFICIAL_ADDRESS_AVAILABLE,
SGIS-22510,달성군,대구광역시,COUNTY,22510,대구광역시달성군청,대구 달성군 논공읍 달성군청로 33,대구광역시_공공기관 및 관공서 리스트 (data.go.kr 15111262),,,,,,OFFICIAL_ADDRESS_AVAILABLE,
SGIS-22520,군위군,대구광역시,COUNTY,22520,,,,,,,,,SOURCE_NOT_AVAILABLE,no government office-address dataset found on data.go.kr
SGIS-23010,중구,인천광역시,DISTRICT,23010,,,,,,,,,ADMINISTRATIVE_VINTAGE_MISMATCH,
SGIS-23020,동구,인천광역시,DISTRICT,23020,동구청,인천광역시 동구 금곡로 67(송림동 109-2),인천광역시_행정기관 현황 (data.go.kr 15013638),,,,,,ADMINISTRATIVE_VINTAGE_MISMATCH,
SGIS-23040,연수구,인천광역시,DISTRICT,23040,연수구청,인천광역시 연수구 원인재로 115(동춘3동 923-5),인천광역시_행정기관 현황 (data.go.kr 15013638),,,,,,OFFICIAL_ADDRESS_AVAILABLE,
SGIS-23050,남동구,인천광역시,DISTRICT,23050,남동구청,인천광역시 남동구 소래로 633(만수동 1008),인천광역시_행정기관 현황 (data.go.kr 15013638),,,,,,OFFICIAL_ADDRESS_AVAILABLE,
SGIS-23060,부평구,인천광역시,DISTRICT,23060,부평구청,인천광역시 부평구 부평대로 168(부평동 879),인천광역시_행정기관 현황 (data.go.kr 15013638),,,,,,OFFICIAL_ADDRESS_AVAILABLE,
SGIS-23070,계양구,인천광역시,DISTRICT,23070,계양구청,인천광역시 계양구 계산새로 88(계산동 1079-1),인천광역시_행정기관 현황 (data.go.kr 15013638),,,,,,OFFICIAL_ADDRESS_AVAILABLE,
SGIS-23080,서구,인천광역시,DISTRICT,23080,서구청,인천광역시 서구 서곶로 307 (심곡동 244),인천광역시_행정기관 현황 (data.go.kr 15013638),,,,,,ADMINISTRATIVE_VINTAGE_MISMATCH,
SGIS-23090,미추홀구,인천광역시,DISTRICT,23090,미추홀구청,인천광역시 미추홀구 독정이로 95(숭의동 131-1),인천광역시_행정기관 현황 (data.go.kr 15013638),,,,,,OFFICIAL_ADDRESS_AVAILABLE,
SGIS-23510,강화군,인천광역시,COUNTY,23510,인천광역시강화군청,인천광역시 강화군 강화읍 강화대로 394,인천광역시_공공청사 도로명주소 현황 (data.go.kr 15048910),,,,,,OFFICIAL_ADDRESS_AVAILABLE,
SGIS-23520,옹진군,인천광역시,COUNTY,23520,인천광역시옹진군청,인천광역시 미추홀구 매소홀로 120,인천광역시_공공청사 도로명주소 현황 (data.go.kr 15048910),,,,,,OFFICIAL_ADDRESS_AVAILABLE,
SGIS-24010,동구,광주광역시,DISTRICT,24010,,,,,,,,,SOURCE_NOT_AVAILABLE,no government office-address dataset found on data.go.kr
SGIS-24020,서구,광주광역시,DISTRICT,24020,,,,,,,,,SOURCE_NOT_AVAILABLE,no government office-address dataset found on data.go.kr
SGIS-24030,남구,광주광역시,DISTRICT,24030,,,,,,,,,SOURCE_NOT_AVAILABLE,no government office-address dataset found on data.go.kr
SGIS-24040,북구,광주광역시,DISTRICT,24040,,,,,,,,,SOURCE_NOT_AVAILABLE,no government office-address dataset found on data.go.kr
SGIS-24050,광산구,광주광역시,DISTRICT,24050,,,,,,,,,SOURCE_NOT_AVAILABLE,no government office-address dataset found on data.go.kr
SGIS-25010,동구,대전광역시,DISTRICT,25010,,,,,,,,,SOURCE_NOT_AVAILABLE,no government office-address dataset found on data.go.kr
SGIS-25020,중구,대전광역시,DISTRICT,25020,중구청,대전광역시 중구 중앙로 100 (대흥동),대전광역시_중구_구청 및 동행정복지센터 현황 (data.go.kr 15035653),,,,,,OFFICIAL_ADDRESS_AVAILABLE,
SGIS-25030,서구,대전광역시,DISTRICT,25030,서구청,대전광역시 서구 둔산서로 100(둔산동),대전광역시 서구_구청 동행정복지센터 현황 (data.go.kr 15013674),,,,,,OFFICIAL_ADDRESS_AVAILABLE,
SGIS-25040,유성구,대전광역시,DISTRICT,25040,유성구청,대전광역시 유성구 대학로 211(어은동),대전광역시 유성구_행정기관 현황 (data.go.kr 15013708),,GOVERNMENT_PUBLISHED,36.36258889,127.3567446,INSIDE,OFFICIAL_ADDRESS_AVAILABLE,
SGIS-25050,대덕구,대전광역시,DISTRICT,25050,대덕구청,대전광역시 대덕구 대전로1033번길 20,대전광역시 대덕구_행정기관현황 (data.go.kr 15013682),,,,,,OFFICIAL_ADDRESS_AVAILABLE,
SGIS-26010,중구,울산광역시,DISTRICT,26010,,,,,,,,,SOURCE_NOT_AVAILABLE,no government office-address dataset found on data.go.kr
SGIS-26020,남구,울산광역시,DISTRICT,26020,,,,,,,,,SOURCE_NOT_AVAILABLE,no government office-address dataset found on data.go.kr
SGIS-26030,동구,울산광역시,DISTRICT,26030,,,,,,,,,SOURCE_NOT_AVAILABLE,no government office-address dataset found on data.go.kr
SGIS-26040,북구,울산광역시,DISTRICT,26040,,,,,,,,,SOURCE_NOT_AVAILABLE,no government office-address dataset found on data.go.kr
SGIS-26510,울주군,울산광역시,COUNTY,26510,,,,,,,,,SOURCE_NOT_AVAILABLE,no government office-address dataset found on data.go.kr
SGIS-29010,세종시,세종특별자치시,CITY,29010,,,,,,,,,SOURCE_NOT_AVAILABLE,세종 공공기관현황 API (15098321) — key not activated
SGIS-31011,수원시 장안구,경기도,DISTRICT,31011,,,,,,,,,SOURCE_NOT_AVAILABLE,경기도 청사및출장소 현황 (15057551) — portal/API refuse this machine
SGIS-31012,수원시 권선구,경기도,DISTRICT,31012,,,,,,,,,SOURCE_NOT_AVAILABLE,경기도 청사및출장소 현황 (15057551) — portal/API refuse this machine
SGIS-31013,수원시 팔달구,경기도,DISTRICT,31013,,,,,,,,,SOURCE_NOT_AVAILABLE,경기도 청사및출장소 현황 (15057551) — portal/API refuse this machine
SGIS-31014,수원시 영통구,경기도,DISTRICT,31014,,,,,,,,,SOURCE_NOT_AVAILABLE,경기도 청사및출장소 현황 (15057551) — portal/API refuse this machine
SGIS-31021,성남시 수정구,경기도,DISTRICT,31021,,,,,,,,,SOURCE_NOT_AVAILABLE,경기도 청사및출장소 현황 (15057551) — portal/API refuse this machine
SGIS-31022,성남시 중원구,경기도,DISTRICT,31022,,,,,,,,,SOURCE_NOT_AVAILABLE,경기도 청사및출장소 현황 (15057551) — portal/API refuse this machine
SGIS-31023,성남시 분당구,경기도,DISTRICT,31023,,,,,,,,,SOURCE_NOT_AVAILABLE,경기도 청사및출장소 현황 (15057551) — portal/API refuse this machine
SGIS-31030,의정부시,경기도,CITY,31030,의정부시청,경기도 의정부시 시민로 1 (의정부동),경기도 의정부시_관공서 현황 (data.go.kr 15017427),,,,,,OFFICIAL_ADDRESS_AVAILABLE,
SGIS-31041,안양시 만안구,경기도,DISTRICT,31041,만안구청,경기도 안양시 만안구 안양로 128 (안양동),경기도 안양시_관공서 현황 (data.go.kr 15114734),,,,,,OFFICIAL_ADDRESS_AVAILABLE,
SGIS-31042,안양시 동안구,경기도,DISTRICT,31042,동안구청,경기도 안양시 동안구 동안로 158 (비산동),경기도 안양시_관공서 현황 (data.go.kr 15114734),,,,,,OFFICIAL_ADDRESS_AVAILABLE,
SGIS-31051,부천시 원미구,경기도,DISTRICT,31051,,,,,,,,,SOURCE_NOT_AVAILABLE,경기도 청사및출장소 현황 (15057551) — portal/API refuse this machine
SGIS-31052,부천시 소사구,경기도,DISTRICT,31052,,,,,,,,,SOURCE_NOT_AVAILABLE,경기도 청사및출장소 현황 (15057551) — portal/API refuse this machine
SGIS-31053,부천시 오정구,경기도,DISTRICT,31053,,,,,,,,,SOURCE_NOT_AVAILABLE,경기도 청사및출장소 현황 (15057551) — portal/API refuse this machine
SGIS-31060,광명시,경기도,CITY,31060,,,,,,,,,SOURCE_NOT_AVAILABLE,경기도 청사및출장소 현황 (15057551) — portal/API refuse this machine
SGIS-31070,평택시,경기도,CITY,31070,,,,,,,,,SOURCE_NOT_AVAILABLE,경기도 청사및출장소 현황 (15057551) — portal/API refuse this machine
SGIS-31080,동두천시,경기도,CITY,31080,,,,,,,,,SOURCE_NOT_AVAILABLE,경기도 청사및출장소 현황 (15057551) — portal/API refuse this machine
SGIS-31091,안산시 상록구,경기도,DISTRICT,31091,,,,,,,,,SOURCE_NOT_AVAILABLE,경기도 청사및출장소 현황 (15057551) — portal/API refuse this machine
SGIS-31092,안산시 단원구,경기도,DISTRICT,31092,,,,,,,,,SOURCE_NOT_AVAILABLE,경기도 청사및출장소 현황 (15057551) — portal/API refuse this machine
SGIS-31101,고양시 덕양구,경기도,DISTRICT,31101,덕양구청,경기도 고양시 덕양구 화중로104번길 13,경기도 고양시_관공서(청사및출장소) 현황 (data.go.kr 15084353),,,,,,OFFICIAL_ADDRESS_AVAILABLE,
SGIS-31103,고양시 일산동구,경기도,DISTRICT,31103,일산동구청,경기도 고양시 일산동구 중앙로 1256,경기도 고양시_관공서(청사및출장소) 현황 (data.go.kr 15084353),,,,,,OFFICIAL_ADDRESS_AVAILABLE,
SGIS-31104,고양시 일산서구,경기도,DISTRICT,31104,일산서구청,경기도 고양시 일산서구 중앙로 1600,경기도 고양시_관공서(청사및출장소) 현황 (data.go.kr 15084353),,,,,,OFFICIAL_ADDRESS_AVAILABLE,
SGIS-31110,과천시,경기도,CITY,31110,,,,,,,,,SOURCE_NOT_AVAILABLE,경기도 청사및출장소 현황 (15057551) — portal/API refuse this machine
SGIS-31120,구리시,경기도,CITY,31120,,,,,,,,,SOURCE_NOT_AVAILABLE,경기도 청사및출장소 현황 (15057551) — portal/API refuse this machine
SGIS-31130,남양주시,경기도,CITY,31130,,,,,,,,,AMBIGUOUS_OFFICE,남양주시청제1청사: 경기도 남양주시 경춘로 1037 / 남양주시청제2청사: 경기도 남양주시 경춘로 522
SGIS-31140,오산시,경기도,CITY,31140,,,,,,,,,SOURCE_NOT_AVAILABLE,경기도 청사및출장소 현황 (15057551) — portal/API refuse this machine
SGIS-31150,시흥시,경기도,CITY,31150,,,,,,,,,SOURCE_NOT_AVAILABLE,경기도 청사및출장소 현황 (15057551) — portal/API refuse this machine
SGIS-31160,군포시,경기도,CITY,31160,,,,,,,,,SOURCE_NOT_AVAILABLE,경기도 청사및출장소 현황 (15057551) — portal/API refuse this machine
SGIS-31170,의왕시,경기도,CITY,31170,,,,,,,,,SOURCE_NOT_AVAILABLE,경기도 청사및출장소 현황 (15057551) — portal/API refuse this machine
SGIS-31180,하남시,경기도,CITY,31180,,,,,,,,,SOURCE_NOT_AVAILABLE,경기도 청사및출장소 현황 (15057551) — portal/API refuse this machine
SGIS-31191,용인시 처인구,경기도,DISTRICT,31191,처인구청,경기도 용인시 처인구 금령로 50(김량장동),경기도_용인시_관공서현황 (data.go.kr 15046176),,,,,,OFFICIAL_ADDRESS_AVAILABLE,
SGIS-31192,용인시 기흥구,경기도,DISTRICT,31192,기흥구청,경기도 용인시 기흥구 관곡로 95(구갈동),경기도_용인시_관공서현황 (data.go.kr 15046176),,,,,,OFFICIAL_ADDRESS_AVAILABLE,
SGIS-31193,용인시 수지구,경기도,DISTRICT,31193,수지구청,경기도 용인시 수지구 포은대로 435(풍덕천동),경기도_용인시_관공서현황 (data.go.kr 15046176),,,,,,OFFICIAL_ADDRESS_AVAILABLE,
SGIS-31200,파주시,경기도,CITY,31200,,,,,,,,,SOURCE_NOT_AVAILABLE,경기도 청사및출장소 현황 (15057551) — portal/API refuse this machine
SGIS-31210,이천시,경기도,CITY,31210,이천시청,경기도 이천시 부악로 40,경기도 이천시_관공서현황 (data.go.kr 15043415),,GOVERNMENT_PUBLISHED,37.272374,127.435044,INSIDE,OFFICIAL_ADDRESS_AVAILABLE,
SGIS-31220,안성시,경기도,CITY,31220,,,,,,,,,SOURCE_NOT_AVAILABLE,경기도 청사및출장소 현황 (15057551) — portal/API refuse this machine
SGIS-31230,김포시,경기도,CITY,31230,,,,,,,,,SOURCE_NOT_AVAILABLE,경기도 청사및출장소 현황 (15057551) — portal/API refuse this machine
SGIS-31240,화성시,경기도,CITY,31240,,,,,,,,,SOURCE_NOT_AVAILABLE,경기도 청사및출장소 현황 (15057551) — portal/API refuse this machine
SGIS-31250,광주시,경기도,CITY,31250,광주시청,경기도 광주시 행정타운로 50,경기도_광주시_공공기관정보 (data.go.kr 15036901),,,,,,OFFICIAL_ADDRESS_AVAILABLE,
SGIS-31260,양주시,경기도,CITY,31260,,,,,,,,,SOURCE_NOT_AVAILABLE,경기도 청사및출장소 현황 (15057551) — portal/API refuse this machine
SGIS-31270,포천시,경기도,CITY,31270,,,,,,,,,SOURCE_NOT_AVAILABLE,경기도 청사및출장소 현황 (15057551) — portal/API refuse this machine
SGIS-31280,여주시,경기도,CITY,31280,여주시청,경기도 여주시 세종로 1,경기도 여주시_관공서현황 (data.go.kr 15100690),,GOVERNMENT_PUBLISHED,37.298,127.637,INSIDE,OFFICIAL_ADDRESS_AVAILABLE,
SGIS-31550,연천군,경기도,COUNTY,31550,,,,,,,,,SOURCE_NOT_AVAILABLE,경기도 청사및출장소 현황 (15057551) — portal/API refuse this machine
SGIS-31570,가평군,경기도,COUNTY,31570,,,,,,,,,SOURCE_NOT_AVAILABLE,경기도 청사및출장소 현황 (15057551) — portal/API refuse this machine
SGIS-31580,양평군,경기도,COUNTY,31580,,,,,,,,,SOURCE_NOT_AVAILABLE,경기도 청사및출장소 현황 (15057551) — portal/API refuse this machine
SGIS-32010,춘천시,강원특별자치도,CITY,32010,,,,,,,,,SOURCE_NOT_AVAILABLE,no government office-address dataset found on data.go.kr
SGIS-32020,원주시,강원특별자치도,CITY,32020,,,,,,,,,SOURCE_NOT_AVAILABLE,no government office-address dataset found on data.go.kr
SGIS-32030,강릉시,강원특별자치도,CITY,32030,강릉시청,강원도 강릉시 강릉대로 33 (홍제동),강원특별자치도 강릉시_행정기관현황 (data.go.kr 15013731),,GOVERNMENT_PUBLISHED,37.75324012,128.8753382,INSIDE,OFFICIAL_ADDRESS_AVAILABLE,
SGIS-32040,동해시,강원특별자치도,CITY,32040,,,,,,,,,SOURCE_NOT_AVAILABLE,no government office-address dataset found on data.go.kr
SGIS-32050,태백시,강원특별자치도,CITY,32050,,,,,,,,,SOURCE_NOT_AVAILABLE,no government office-address dataset found on data.go.kr
SGIS-32060,속초시,강원특별자치도,CITY,32060,,,,,,,,,SOURCE_NOT_AVAILABLE,no government office-address dataset found on data.go.kr
SGIS-32070,삼척시,강원특별자치도,CITY,32070,삼척시청,강원도 삼척시 중앙로 296,강원특별자치도 삼척시_관공서정보 (data.go.kr 15013640),,,,,,OFFICIAL_ADDRESS_AVAILABLE,
SGIS-32510,홍천군,강원특별자치도,COUNTY,32510,,,,,,,,,SOURCE_NOT_AVAILABLE,no government office-address dataset found on data.go.kr
SGIS-32520,횡성군,강원특별자치도,COUNTY,32520,횡성군청,강원도 횡성군 횡성읍 태기로 15,강원특별자치도 횡성군_행정기관 현황 (data.go.kr 15013909),,,,,,OFFICIAL_ADDRESS_AVAILABLE,
SGIS-32530,영월군,강원특별자치도,COUNTY,32530,,,,,,,,,SOURCE_NOT_AVAILABLE,no government office-address dataset found on data.go.kr
SGIS-32540,평창군,강원특별자치도,COUNTY,32540,,,,,,,,,SOURCE_NOT_AVAILABLE,no government office-address dataset found on data.go.kr
SGIS-32550,정선군,강원특별자치도,COUNTY,32550,,,,,,,,,SOURCE_NOT_AVAILABLE,no government office-address dataset found on data.go.kr
SGIS-32560,철원군,강원특별자치도,COUNTY,32560,,,,,,,,,SOURCE_NOT_AVAILABLE,no government office-address dataset found on data.go.kr
SGIS-32570,화천군,강원특별자치도,COUNTY,32570,,,,,,,,,SOURCE_NOT_AVAILABLE,no government office-address dataset found on data.go.kr
SGIS-32580,양구군,강원특별자치도,COUNTY,32580,,,,,,,,,SOURCE_NOT_AVAILABLE,no government office-address dataset found on data.go.kr
SGIS-32590,인제군,강원특별자치도,COUNTY,32590,,,,,,,,,SOURCE_NOT_AVAILABLE,no government office-address dataset found on data.go.kr
SGIS-32600,고성군,강원특별자치도,COUNTY,32600,,,,,,,,,SOURCE_NOT_AVAILABLE,no government office-address dataset found on data.go.kr
SGIS-32610,양양군,강원특별자치도,COUNTY,32610,,,,,,,,,SOURCE_NOT_AVAILABLE,no government office-address dataset found on data.go.kr
SGIS-33020,충주시,충청북도,CITY,33020,충주시청,충청북도 충주시 으뜸로 21,충청북도_행정기관 정보 (data.go.kr 15033291),,,,,,OFFICIAL_ADDRESS_AVAILABLE,
SGIS-33030,제천시,충청북도,CITY,33030,제천시청,충청북도 제천시 내토로 295,충청북도_행정기관 정보 (data.go.kr 15033291),,,,,,OFFICIAL_ADDRESS_AVAILABLE,
SGIS-33041,청주시 상당구,충청북도,DISTRICT,33041,상당구청,층창북도 청주시 상당구 남일면 단재로 466,충청북도_행정기관 정보 (data.go.kr 15033291),,,,,,OFFICIAL_ADDRESS_AVAILABLE,
SGIS-33042,청주시 서원구,충청북도,DISTRICT,33042,서원구청,충청북도 청주시 서원구 사직대로 227,충청북도_행정기관 정보 (data.go.kr 15033291),,,,,,OFFICIAL_ADDRESS_AVAILABLE,
SGIS-33043,청주시 흥덕구,충청북도,DISTRICT,33043,흥덕구청,충청북도 청주시 흥덕구 청주역로 71,충청북도_행정기관 정보 (data.go.kr 15033291),,,,,,OFFICIAL_ADDRESS_AVAILABLE,
SGIS-33044,청주시 청원구,충청북도,DISTRICT,33044,청원구청,충청북도 청주시 청원구 직지대로 871,충청북도_행정기관 정보 (data.go.kr 15033291),,,,,,OFFICIAL_ADDRESS_AVAILABLE,
SGIS-33520,보은군,충청북도,COUNTY,33520,보은군청,충청북도 보은군 보은읍 군청길 38,충청북도_행정기관 정보 (data.go.kr 15033291),,,,,,OFFICIAL_ADDRESS_AVAILABLE,
SGIS-33530,옥천군,충청북도,COUNTY,33530,옥천군청,충청북도 옥천군 옥천읍 중앙로 99,충청북도_행정기관 정보 (data.go.kr 15033291),,,,,,OFFICIAL_ADDRESS_AVAILABLE,
SGIS-33540,영동군,충청북도,COUNTY,33540,영동군청,충청북도 영동군 영동읍 동정로 1,충청북도_행정기관 정보 (data.go.kr 15033291),,,,,,OFFICIAL_ADDRESS_AVAILABLE,
SGIS-33550,진천군,충청북도,COUNTY,33550,진천군청,충청북도 진천군 진천읍 상산로 13,충청북도_행정기관 정보 (data.go.kr 15033291),,,,,,OFFICIAL_ADDRESS_AVAILABLE,
SGIS-33560,괴산군,충청북도,COUNTY,33560,괴산군청,충청북도 괴산군 괴산읍 임꺽정로 90,충청북도_행정기관 정보 (data.go.kr 15033291),,,,,,OFFICIAL_ADDRESS_AVAILABLE,
SGIS-33570,음성군,충청북도,COUNTY,33570,음성군청,충청북도 음성군 음성읍 중앙로 173,충청북도_음성군_관공서 현황 (data.go.kr 15013617),,,,,,OFFICIAL_ADDRESS_AVAILABLE,
SGIS-33580,단양군,충청북도,COUNTY,33580,단양군청,충청북도 단양군 단양읍 중앙1로 10,충청북도_행정기관 정보 (data.go.kr 15033291),,,,,,OFFICIAL_ADDRESS_AVAILABLE,
SGIS-33590,증평군,충청북도,COUNTY,33590,증평군청,충청북도 증평군 증평읍 광장로 88,충청북도_행정기관 정보 (data.go.kr 15033291),,,,,,OFFICIAL_ADDRESS_AVAILABLE,
SGIS-34011,천안시 동남구,충청남도,DISTRICT,34011,,,,,,,,,SOURCE_NOT_AVAILABLE,no government office-address dataset found on data.go.kr
SGIS-34012,천안시 서북구,충청남도,DISTRICT,34012,,,,,,,,,SOURCE_NOT_AVAILABLE,no government office-address dataset found on data.go.kr
SGIS-34020,공주시,충청남도,CITY,34020,,,,,,,,,SOURCE_NOT_AVAILABLE,no government office-address dataset found on data.go.kr
SGIS-34030,보령시,충청남도,CITY,34030,,,,,,,,,SOURCE_NOT_AVAILABLE,no government office-address dataset found on data.go.kr
SGIS-34040,아산시,충청남도,CITY,34040,,,,,,,,,SOURCE_NOT_AVAILABLE,no government office-address dataset found on data.go.kr
SGIS-34050,서산시,충청남도,CITY,34050,,,,,,,,,SOURCE_NOT_AVAILABLE,no government office-address dataset found on data.go.kr
SGIS-34060,논산시,충청남도,CITY,34060,,,,,,,,,SOURCE_NOT_AVAILABLE,no government office-address dataset found on data.go.kr
SGIS-34070,계룡시,충청남도,CITY,34070,,,,,,,,,SOURCE_NOT_AVAILABLE,no government office-address dataset found on data.go.kr
SGIS-34080,당진시,충청남도,CITY,34080,,,,,,,,,SOURCE_NOT_AVAILABLE,no government office-address dataset found on data.go.kr
SGIS-34510,금산군,충청남도,COUNTY,34510,,,,,,,,,SOURCE_NOT_AVAILABLE,no government office-address dataset found on data.go.kr
SGIS-34530,부여군,충청남도,COUNTY,34530,,,,,,,,,SOURCE_NOT_AVAILABLE,no government office-address dataset found on data.go.kr
SGIS-34540,서천군,충청남도,COUNTY,34540,,,,,,,,,SOURCE_NOT_AVAILABLE,no government office-address dataset found on data.go.kr
SGIS-34550,청양군,충청남도,COUNTY,34550,,,,,,,,,SOURCE_NOT_AVAILABLE,no government office-address dataset found on data.go.kr
SGIS-34560,홍성군,충청남도,COUNTY,34560,홍성군청,충청남도 홍성군 홍성읍 아문길 27,충청남도 홍성군_행정기관 현황 (data.go.kr 15013865),,,,,,OFFICIAL_ADDRESS_AVAILABLE,
SGIS-34570,예산군,충청남도,COUNTY,34570,,,,,,,,,SOURCE_NOT_AVAILABLE,no government office-address dataset found on data.go.kr
SGIS-34580,태안군,충청남도,COUNTY,34580,,,,,,,,,SOURCE_NOT_AVAILABLE,no government office-address dataset found on data.go.kr
SGIS-35011,전주시 완산구,전북특별자치도,DISTRICT,35011,완산구청,전주시 완산구 서원로 232,전북특별자치도_관공서 현황 (data.go.kr 15055813),,,,,,OFFICIAL_ADDRESS_AVAILABLE,
SGIS-35012,전주시 덕진구,전북특별자치도,DISTRICT,35012,,,,,,,,,SOURCE_NOT_AVAILABLE,no government office-address dataset found on data.go.kr
SGIS-35020,군산시,전북특별자치도,CITY,35020,,,,,,,,,SOURCE_NOT_AVAILABLE,no government office-address dataset found on data.go.kr
SGIS-35030,익산시,전북특별자치도,CITY,35030,,,,,,,,,SOURCE_NOT_AVAILABLE,no government office-address dataset found on data.go.kr
SGIS-35040,정읍시,전북특별자치도,CITY,35040,정읍시청,전북특별자치도 정읍시 충정로 234,전북특별자치도 정읍시_행정기관 현황 (data.go.kr 15013707),,,,,,OFFICIAL_ADDRESS_AVAILABLE,
SGIS-35050,남원시,전북특별자치도,CITY,35050,,,,,,,,,SOURCE_NOT_AVAILABLE,no government office-address dataset found on data.go.kr
SGIS-35060,김제시,전북특별자치도,CITY,35060,,,,,,,,,SOURCE_NOT_AVAILABLE,no government office-address dataset found on data.go.kr
SGIS-35510,완주군,전북특별자치도,COUNTY,35510,,,,,,,,,SOURCE_NOT_AVAILABLE,no government office-address dataset found on data.go.kr
SGIS-35520,진안군,전북특별자치도,COUNTY,35520,,,,,,,,,SOURCE_NOT_AVAILABLE,no government office-address dataset found on data.go.kr
SGIS-35530,무주군,전북특별자치도,COUNTY,35530,무주군청,전북특별자치도 무주군 무주읍 주계로 97,전북특별자치도 무주군_행정기관 (data.go.kr 15013855),,GOVERNMENT_PUBLISHED,36.007034,127.66073,INSIDE,OFFICIAL_ADDRESS_AVAILABLE,
SGIS-35540,장수군,전북특별자치도,COUNTY,35540,,,,,,,,,SOURCE_NOT_AVAILABLE,no government office-address dataset found on data.go.kr
SGIS-35550,임실군,전북특별자치도,COUNTY,35550,,,,,,,,,SOURCE_NOT_AVAILABLE,no government office-address dataset found on data.go.kr
SGIS-35560,순창군,전북특별자치도,COUNTY,35560,,,,,,,,,SOURCE_NOT_AVAILABLE,no government office-address dataset found on data.go.kr
SGIS-35570,고창군,전북특별자치도,COUNTY,35570,고창군청,전북특별자치도 고창군 고창읍 중앙로 245,전북특별자치도_관공서 및 공공기관 정보 (data.go.kr 15011446),,,,,,OFFICIAL_ADDRESS_AVAILABLE,
SGIS-35580,부안군,전북특별자치도,COUNTY,35580,,,,,,,,,SOURCE_NOT_AVAILABLE,no government office-address dataset found on data.go.kr
SGIS-36010,목포시,전라남도,CITY,36010,,,,,,,,,SOURCE_NOT_AVAILABLE,no government office-address dataset found on data.go.kr
SGIS-36020,여수시,전라남도,CITY,36020,,,,,,,,,SOURCE_NOT_AVAILABLE,no government office-address dataset found on data.go.kr
SGIS-36030,순천시,전라남도,CITY,36030,,,,,,,,,SOURCE_NOT_AVAILABLE,no government office-address dataset found on data.go.kr
SGIS-36040,나주시,전라남도,CITY,36040,,,,,,,,,SOURCE_NOT_AVAILABLE,no government office-address dataset found on data.go.kr
SGIS-36060,광양시,전라남도,CITY,36060,,,,,,,,,SOURCE_NOT_AVAILABLE,no government office-address dataset found on data.go.kr
SGIS-36510,담양군,전라남도,COUNTY,36510,,,,,,,,,SOURCE_NOT_AVAILABLE,no government office-address dataset found on data.go.kr
SGIS-36520,곡성군,전라남도,COUNTY,36520,,,,,,,,,SOURCE_NOT_AVAILABLE,no government office-address dataset found on data.go.kr
SGIS-36530,구례군,전라남도,COUNTY,36530,,,,,,,,,SOURCE_NOT_AVAILABLE,no government office-address dataset found on data.go.kr
SGIS-36550,고흥군,전라남도,COUNTY,36550,,,,,,,,,SOURCE_NOT_AVAILABLE,no government office-address dataset found on data.go.kr
SGIS-36560,보성군,전라남도,COUNTY,36560,,,,,,,,,SOURCE_NOT_AVAILABLE,no government office-address dataset found on data.go.kr
SGIS-36570,화순군,전라남도,COUNTY,36570,,,,,,,,,SOURCE_NOT_AVAILABLE,no government office-address dataset found on data.go.kr
SGIS-36580,장흥군,전라남도,COUNTY,36580,,,,,,,,,SOURCE_NOT_AVAILABLE,no government office-address dataset found on data.go.kr
SGIS-36590,강진군,전라남도,COUNTY,36590,,,,,,,,,SOURCE_NOT_AVAILABLE,no government office-address dataset found on data.go.kr
SGIS-36600,해남군,전라남도,COUNTY,36600,,,,,,,,,SOURCE_NOT_AVAILABLE,no government office-address dataset found on data.go.kr
SGIS-36610,영암군,전라남도,COUNTY,36610,,,,,,,,,SOURCE_NOT_AVAILABLE,no government office-address dataset found on data.go.kr
SGIS-36620,무안군,전라남도,COUNTY,36620,,,,,,,,,SOURCE_NOT_AVAILABLE,no government office-address dataset found on data.go.kr
SGIS-36630,함평군,전라남도,COUNTY,36630,,,,,,,,,SOURCE_NOT_AVAILABLE,no government office-address dataset found on data.go.kr
SGIS-36640,영광군,전라남도,COUNTY,36640,,,,,,,,,SOURCE_NOT_AVAILABLE,no government office-address dataset found on data.go.kr
SGIS-36650,장성군,전라남도,COUNTY,36650,,,,,,,,,SOURCE_NOT_AVAILABLE,no government office-address dataset found on data.go.kr
SGIS-36660,완도군,전라남도,COUNTY,36660,,,,,,,,,SOURCE_NOT_AVAILABLE,no government office-address dataset found on data.go.kr
SGIS-36670,진도군,전라남도,COUNTY,36670,,,,,,,,,SOURCE_NOT_AVAILABLE,no government office-address dataset found on data.go.kr
SGIS-36680,신안군,전라남도,COUNTY,36680,신안군청,전라남도 신안군 압해읍 천사로 1004,전남광주통합특별시 신안군_행정기관정보 (data.go.kr 15013603),,GOVERNMENT_PUBLISHED,34.83360218,126.3514253,INSIDE,OFFICIAL_ADDRESS_AVAILABLE,
SGIS-37011,포항시 남구,경상북도,DISTRICT,37011,,,,,,,,,SOURCE_NOT_AVAILABLE,no government office-address dataset found on data.go.kr
SGIS-37012,포항시 북구,경상북도,DISTRICT,37012,,,,,,,,,SOURCE_NOT_AVAILABLE,no government office-address dataset found on data.go.kr
SGIS-37020,경주시,경상북도,CITY,37020,경주시청,경상북도 경주시 양정로 260 (동천동),경상북도_도청 시군청 정보 (data.go.kr 15044825),,,,,,OFFICIAL_ADDRESS_AVAILABLE,
SGIS-37030,김천시,경상북도,CITY,37030,김천시청,경상북도 김천시 시청1길 1 (신음동),경상북도_도청 시군청 정보 (data.go.kr 15044825),,,,,,OFFICIAL_ADDRESS_AVAILABLE,
SGIS-37040,안동시,경상북도,CITY,37040,안동시청,경상북도 안동시 퇴계로 115 (명륜동),경상북도_도청 시군청 정보 (data.go.kr 15044825),,,,,,OFFICIAL_ADDRESS_AVAILABLE,
SGIS-37050,구미시,경상북도,CITY,37050,구미시청,경상북도 구미시 송정대로 55(송정동),경상북도_도청 시군청 정보 (data.go.kr 15044825),,,,,,OFFICIAL_ADDRESS_AVAILABLE,
SGIS-37060,영주시,경상북도,CITY,37060,영주시청,경상북도 영주시 시청로1(휴천2동),경상북도_도청 시군청 정보 (data.go.kr 15044825),,,,,,OFFICIAL_ADDRESS_AVAILABLE,
SGIS-37070,영천시,경상북도,CITY,37070,영천시청,경상북도 영천시 시청로 16,경상북도_도청 시군청 정보 (data.go.kr 15044825),,,,,,OFFICIAL_ADDRESS_AVAILABLE,
SGIS-37080,상주시,경상북도,CITY,37080,상주시청,경상북도 상주시 상산로 223(남성동),경상북도_도청 시군청 정보 (data.go.kr 15044825),,,,,,OFFICIAL_ADDRESS_AVAILABLE,
SGIS-37090,문경시,경상북도,CITY,37090,문경시청,경상북도 문경시 당교로 225,경상북도_도청 시군청 정보 (data.go.kr 15044825),,,,,,OFFICIAL_ADDRESS_AVAILABLE,
SGIS-37100,경산시,경상북도,CITY,37100,경산시청,경상북도 경산시 남매로 159 (중방동),경상북도_도청 시군청 정보 (data.go.kr 15044825),,,,,,OFFICIAL_ADDRESS_AVAILABLE,
SGIS-37520,의성군,경상북도,COUNTY,37520,의성군청,경상북도 의성군 의성읍 군청길 31(후죽리),경상북도_도청 시군청 정보 (data.go.kr 15044825),,,,,,OFFICIAL_ADDRESS_AVAILABLE,
SGIS-37530,청송군,경상북도,COUNTY,37530,청송군청,경상북도 청송군 청송읍 군청로 51(월막리),경상북도_도청 시군청 정보 (data.go.kr 15044825),,,,,,OFFICIAL_ADDRESS_AVAILABLE,
SGIS-37540,영양군,경상북도,COUNTY,37540,영양군청,경상북도 영양군 영양읍 군청길 37,경상북도 영양군_행정기관 현황 (data.go.kr 15013800),,GOVERNMENT_PUBLISHED,36.66735774,129.1126844,INSIDE,OFFICIAL_ADDRESS_AVAILABLE,
SGIS-37550,영덕군,경상북도,COUNTY,37550,영덕군청,경상북도 영덕군 영덕읍 군청길 116(남석리),경상북도_도청 시군청 정보 (data.go.kr 15044825),,,,,,OFFICIAL_ADDRESS_AVAILABLE,
SGIS-37560,청도군,경상북도,COUNTY,37560,청도군청,경상북도 청도군 화양읍 청화로 70 (범곡리),경상북도_도청 시군청 정보 (data.go.kr 15044825),,,,,,OFFICIAL_ADDRESS_AVAILABLE,
SGIS-37570,고령군,경상북도,COUNTY,37570,고령군청,경상북도 고령군 고령읍 왕릉로 55,경상북도_도청 시군청 정보 (data.go.kr 15044825),,,,,,OFFICIAL_ADDRESS_AVAILABLE,
SGIS-37580,성주군,경상북도,COUNTY,37580,성주군청,경상북도 성주군 성주읍 성주로 3200,경상북도_도청 시군청 정보 (data.go.kr 15044825),,,,,,OFFICIAL_ADDRESS_AVAILABLE,
SGIS-37590,칠곡군,경상북도,COUNTY,37590,칠곡군청,경상북도 칠곡군 왜관읍 군청1길 80,경상북도_도청 시군청 정보 (data.go.kr 15044825),,,,,,OFFICIAL_ADDRESS_AVAILABLE,
SGIS-37600,예천군,경상북도,COUNTY,37600,예천군청,경상북도 예천군 예천읍 충효로 111,경상북도_도청 시군청 정보 (data.go.kr 15044825),,,,,,OFFICIAL_ADDRESS_AVAILABLE,
SGIS-37610,봉화군,경상북도,COUNTY,37610,봉화군청,경상북도 봉화군 봉화읍 봉화로 1111,경상북도_도청 시군청 정보 (data.go.kr 15044825),,,,,,OFFICIAL_ADDRESS_AVAILABLE,
SGIS-37620,울진군,경상북도,COUNTY,37620,울진군청,경상북도 울진군 울진읍 울진중앙로 121(읍내리),경상북도_도청 시군청 정보 (data.go.kr 15044825),,,,,,OFFICIAL_ADDRESS_AVAILABLE,
SGIS-37630,울릉군,경상북도,COUNTY,37630,울릉군청,경상북도 울릉군 울릉읍 도동2길 66,경상북도_도청 시군청 정보 (data.go.kr 15044825),,,,,,OFFICIAL_ADDRESS_AVAILABLE,
SGIS-38030,진주시,경상남도,CITY,38030,진주시청,경상남도 진주시 동진로 155 (상대동),경상남도_공공기관현황 (data.go.kr 15019372),,,,,,OFFICIAL_ADDRESS_AVAILABLE,
SGIS-38050,통영시,경상남도,CITY,38050,,,,,,,,,AMBIGUOUS_OFFICE,통영시청: 경상남도 통영시 통영해안로 515 (무전동) / 통영시청: 경상남도 통영시 해미당 1길 33 (무전동)
SGIS-38060,사천시,경상남도,CITY,38060,사천시청,경상남도 사천시 용현면 시청로 77,경상남도_공공기관현황 (data.go.kr 15019372),,,,,,OFFICIAL_ADDRESS_AVAILABLE,
SGIS-38070,김해시,경상남도,CITY,38070,김해시청,경상남도 김해시 김해대로 2401,경상남도_공공기관현황 (data.go.kr 15019372),,,,,,OFFICIAL_ADDRESS_AVAILABLE,
SGIS-38080,밀양시,경상남도,CITY,38080,밀양시청,경상남도 밀양시 밀양대로 2047 (교동),경상남도_공공기관현황 (data.go.kr 15019372),,,,,,OFFICIAL_ADDRESS_AVAILABLE,
SGIS-38090,거제시,경상남도,CITY,38090,거제시청,경상남도 거제시 계룡로 125(고현동，거제시청),경상남도 거제시 관공서 현황 (data.go.kr 15013606),,GOVERNMENT_PUBLISHED,34.88055359,128.6207681,INSIDE,OFFICIAL_ADDRESS_AVAILABLE,
SGIS-38100,양산시,경상남도,CITY,38100,양산시청,경상남도 양산시 중앙로 39 (남부동) 양산시청,경상남도_공공기관현황 (data.go.kr 15019372),,GOVERNMENT_PUBLISHED,35.334992,129.037061,INSIDE,OFFICIAL_ADDRESS_AVAILABLE,
SGIS-38111,창원시 의창구,경상남도,DISTRICT,38111,의창구청,경상남도 창원시 의창구 원이대로 80 (도계동),경상남도_공공기관현황 (data.go.kr 15019372),,,,,,OFFICIAL_ADDRESS_AVAILABLE,
SGIS-38112,창원시 성산구,경상남도,DISTRICT,38112,성산구청,경상남도 창원시 성산구 창원대로 1086 (성주동),경상남도_공공기관현황 (data.go.kr 15019372),,,,,,OFFICIAL_ADDRESS_AVAILABLE,
SGIS-38113,창원시 마산합포구,경상남도,DISTRICT,38113,마산합포구청,경상남도 창원시 마산합포구 3·15대로 210 (중앙동3가),경상남도_공공기관현황 (data.go.kr 15019372),,,,,,OFFICIAL_ADDRESS_AVAILABLE,
SGIS-38114,창원시 마산회원구,경상남도,DISTRICT,38114,마산회원구청,경상남도 창원시 마산회원구 삼호로 63 (양덕동),경상남도_공공기관현황 (data.go.kr 15019372),,,,,,OFFICIAL_ADDRESS_AVAILABLE,
SGIS-38115,창원시 진해구,경상남도,DISTRICT,38115,진해구청,경상남도 창원시 진해구 진해대로 1101 (풍호동),경상남도_공공기관현황 (data.go.kr 15019372),,,,,,OFFICIAL_ADDRESS_AVAILABLE,
SGIS-38510,의령군,경상남도,COUNTY,38510,의령군청,경상남도 의령군 의령읍 충익로 63,경상남도_공공기관현황 (data.go.kr 15019372),,,,,,OFFICIAL_ADDRESS_AVAILABLE,
SGIS-38520,함안군,경상남도,COUNTY,38520,함안군청,경상남도 함안군 가야읍 말산로 1,경상남도_공공기관현황 (data.go.kr 15019372),,,,,,OFFICIAL_ADDRESS_AVAILABLE,
SGIS-38530,창녕군,경상남도,COUNTY,38530,창녕군청,경상남도 창녕군 창녕읍 군청길 1,경상남도_공공기관현황 (data.go.kr 15019372),,,,,,OFFICIAL_ADDRESS_AVAILABLE,
SGIS-38540,고성군,경상남도,COUNTY,38540,고성군청,경상남도 고성군 고성읍 성내로 130,경상남도_공공기관현황 (data.go.kr 15019372),,,,,,OFFICIAL_ADDRESS_AVAILABLE,
SGIS-38550,남해군,경상남도,COUNTY,38550,남해군청,경상남도 남해군 남해읍 망운로9번길 12,경상남도_공공기관현황 (data.go.kr 15019372),,,,,,OFFICIAL_ADDRESS_AVAILABLE,
SGIS-38560,하동군,경상남도,COUNTY,38560,하동군청,"경상남도 하동군 하동읍 군청로 23, 하동군청",경상남도_공공기관현황 (data.go.kr 15019372),,,,,,OFFICIAL_ADDRESS_AVAILABLE,
SGIS-38570,산청군,경상남도,COUNTY,38570,산청군청,"경상남도 산청군 산청읍 산엔청로 1 (옥산리, 산청군청)",경상남도_공공기관현황 (data.go.kr 15019372),,,,,,OFFICIAL_ADDRESS_AVAILABLE,
SGIS-38580,함양군,경상남도,COUNTY,38580,함양군청,경상남도 함양군 함양읍 고운로 35,경상남도_공공기관현황 (data.go.kr 15019372),,,,,,OFFICIAL_ADDRESS_AVAILABLE,
SGIS-38590,거창군,경상남도,COUNTY,38590,거창군청,경상남도 거창군 거창읍 중앙로 103,경상남도_공공기관현황 (data.go.kr 15019372),,,,,,OFFICIAL_ADDRESS_AVAILABLE,
SGIS-38600,합천군,경상남도,COUNTY,38600,합천군청,경상남도 합천군 합천읍 동서로 119,경상남도_공공기관현황 (data.go.kr 15019372),,,,,,OFFICIAL_ADDRESS_AVAILABLE,
SGIS-39010,제주시,제주특별자치도,CITY,39010,,,,,,,,,SOURCE_NOT_AVAILABLE,no government office-address dataset found on data.go.kr
SGIS-39020,서귀포시,제주특별자치도,CITY,39020,,,,,,,,,SOURCE_NOT_AVAILABLE,no government office-address dataset found on data.go.kr
