municipality_id,municipality_name,municipality_level,province_name,office_name,address,latitude,longitude,point_type,admin_code,source,source_layer,source_version,source_licence,source_crs
SGIS-11,서울특별시,METROPOLITAN,서울특별시,,,37.564481,126.939608,BOUNDARY_INTERIOR_POINT,11,국가데이터처 SGIS 행정구역 통계 및 경계 (data.go.kr 15129688),bnd_sido_00_2025_2Q.shp,2025_2Q (BASE_DATE 20250630),공공데이터포털 이용허락범위 제한 없음,EPSG:5179
SGIS-21,부산광역시,METROPOLITAN,부산광역시,,,35.211169,129.053955,BOUNDARY_INTERIOR_POINT,21,국가데이터처 SGIS 행정구역 통계 및 경계 (data.go.kr 15129688),bnd_sido_00_2025_2Q.shp,2025_2Q (BASE_DATE 20250630),공공데이터포털 이용허락범위 제한 없음,EPSG:5179
SGIS-22,대구광역시,METROPOLITAN,대구광역시,,,35.96492,128.6496,BOUNDARY_INTERIOR_POINT,22,국가데이터처 SGIS 행정구역 통계 및 경계 (data.go.kr 15129688),bnd_sido_00_2025_2Q.shp,2025_2Q (BASE_DATE 20250630),공공데이터포털 이용허락범위 제한 없음,EPSG:5179
SGIS-23,인천광역시,METROPOLITAN,인천광역시,,,37.705723,126.43917,BOUNDARY_INTERIOR_POINT,23,국가데이터처 SGIS 행정구역 통계 및 경계 (data.go.kr 15129688),bnd_sido_00_2025_2Q.shp,2025_2Q (BASE_DATE 20250630),공공데이터포털 이용허락범위 제한 없음,EPSG:5179
SGIS-24,광주광역시,METROPOLITAN,광주광역시,,,35.155021,126.829997,BOUNDARY_INTERIOR_POINT,24,국가데이터처 SGIS 행정구역 통계 및 경계 (data.go.kr 15129688),bnd_sido_00_2025_2Q.shp,2025_2Q (BASE_DATE 20250630),공공데이터포털 이용허락범위 제한 없음,EPSG:5179
SGIS-25,대전광역시,METROPOLITAN,대전광역시,,,36.341676,127.387475,BOUNDARY_INTERIOR_POINT,25,국가데이터처 SGIS 행정구역 통계 및 경계 (data.go.kr 15129688),bnd_sido_00_2025_2Q.shp,2025_2Q (BASE_DATE 20250630),공공데이터포털 이용허락범위 제한 없음,EPSG:5179
SGIS-26,울산광역시,METROPOLITAN,울산광역시,,,35.526719,129.214766,BOUNDARY_INTERIOR_POINT,26,국가데이터처 SGIS 행정구역 통계 및 경계 (data.go.kr 15129688),bnd_sido_00_2025_2Q.shp,2025_2Q (BASE_DATE 20250630),공공데이터포털 이용허락범위 제한 없음,EPSG:5179
SGIS-29,세종특별자치시,METROPOLITAN,세종특별자치시,,,36.570293,127.269726,BOUNDARY_INTERIOR_POINT,29,국가데이터처 SGIS 행정구역 통계 및 경계 (data.go.kr 15129688),bnd_sido_00_2025_2Q.shp,2025_2Q (BASE_DATE 20250630),공공데이터포털 이용허락범위 제한 없음,EPSG:5179
SGIS-31,경기도,PROVINCE,경기도,,,37.588475,127.408358,BOUNDARY_INTERIOR_POINT,31,국가데이터처 SGIS 행정구역 통계 및 경계 (data.go.kr 15129688),bnd_sido_00_2025_2Q.shp,2025_2Q (BASE_DATE 20250630),공공데이터포털 이용허락범위 제한 없음,EPSG:5179
SGIS-32,강원특별자치도,PROVINCE,강원특별자치도,,,37.823673,128.208991,BOUNDARY_INTERIOR_POINT,32,국가데이터처 SGIS 행정구역 통계 및 경계 (data.go.kr 15129688),bnd_sido_00_2025_2Q.shp,2025_2Q (BASE_DATE 20250630),공공데이터포털 이용허락범위 제한 없음,EPSG:5179
SGIS-33,충청북도,PROVINCE,충청북도,,,36.635904,127.572019,BOUNDARY_INTERIOR_POINT,33,국가데이터처 SGIS 행정구역 통계 및 경계 (data.go.kr 15129688),bnd_sido_00_2025_2Q.shp,2025_2Q (BASE_DATE 20250630),공공데이터포털 이용허락범위 제한 없음,EPSG:5179
SGIS-34,충청남도,PROVINCE,충청남도,,,36.522066,126.869961,BOUNDARY_INTERIOR_POINT,34,국가데이터처 SGIS 행정구역 통계 및 경계 (data.go.kr 15129688),bnd_sido_00_2025_2Q.shp,2025_2Q (BASE_DATE 20250630),공공데이터포털 이용허락범위 제한 없음,EPSG:5179
SGIS-35,전북특별자치도,PROVINCE,전북특별자치도,,,35.728268,127.122807,BOUNDARY_INTERIOR_POINT,35,국가데이터처 SGIS 행정구역 통계 및 경계 (data.go.kr 15129688),bnd_sido_00_2025_2Q.shp,2025_2Q (BASE_DATE 20250630),공공데이터포털 이용허락범위 제한 없음,EPSG:5179
SGIS-36,전라남도,PROVINCE,전라남도,,,34.891481,127.001503,BOUNDARY_INTERIOR_POINT,36,국가데이터처 SGIS 행정구역 통계 및 경계 (data.go.kr 15129688),bnd_sido_00_2025_2Q.shp,2025_2Q (BASE_DATE 20250630),공공데이터포털 이용허락범위 제한 없음,EPSG:5179
SGIS-37,경상북도,PROVINCE,경상북도,,,36.362071,128.636785,BOUNDARY_INTERIOR_POINT,37,국가데이터처 SGIS 행정구역 통계 및 경계 (data.go.kr 15129688),bnd_sido_00_2025_2Q.shp,2025_2Q (BASE_DATE 20250630),공공데이터포털 이용허락범위 제한 없음,EPSG:5179
SGIS-38,경상남도,PROVINCE,경상남도,,,35.368386,128.374229,BOUNDARY_INTERIOR_POINT,38,국가데이터처 SGIS 행정구역 통계 및 경계 (data.go.kr 15129688),bnd_sido_00_2025_2Q.shp,2025_2Q (BASE_DATE 20250630),공공데이터포털 이용허락범위 제한 없음,EPSG:5179
SGIS-39,제주특별자치도,PROVINCE,제주특별자치도,,,33.380517,126.547442,BOUNDARY_INTERIOR_POINT,39,국가데이터처 SGIS 행정구역 통계 및 경계 (data.go.kr 15129688),bnd_sido_00_2025_2Q.shp,2025_2Q (BASE_DATE 20250630),공공데이터포털 이용허락범위 제한 없음,EPSG:5179
SGIS-11010,종로구,DISTRICT,서울특별시,,,37.599084,126.966752,BOUNDARY_INTERIOR_POINT,11010,국가데이터처 SGIS 행정구역 통계 및 경계 (data.go.kr 15129688),bnd_sigungu_00_2025_2Q.shp,2025_2Q (BASE_DATE 20250630),공공데이터포털 이용허락범위 제한 없음,EPSG:5179
SGIS-11020,중구,DISTRICT,서울특별시,,,37.557865,126.992987,BOUNDARY_INTERIOR_POINT,11020,국가데이터처 SGIS 행정구역 통계 및 경계 (data.go.kr 15129688),bnd_sigungu_00_2025_2Q.shp,2025_2Q (BASE_DATE 20250630),공공데이터포털 이용허락범위 제한 없음,EPSG:5179
SGIS-11030,용산구,DISTRICT,서울특별시,,,37.531049,126.980464,BOUNDARY_INTERIOR_POINT,11030,국가데이터처 SGIS 행정구역 통계 및 경계 (data.go.kr 15129688),bnd_sigungu_00_2025_2Q.shp,2025_2Q (BASE_DATE 20250630),공공데이터포털 이용허락범위 제한 없음,EPSG:5179
SGIS-11040,성동구,DISTRICT,서울특별시,,,37.550637,127.041291,BOUNDARY_INTERIOR_POINT,11040,국가데이터처 SGIS 행정구역 통계 및 경계 (data.go.kr 15129688),bnd_sigungu_00_2025_2Q.shp,2025_2Q (BASE_DATE 20250630),공공데이터포털 이용허락범위 제한 없음,EPSG:5179
SGIS-11050,광진구,DISTRICT,서울특별시,,,37.548229,127.089433,BOUNDARY_INTERIOR_POINT,11050,국가데이터처 SGIS 행정구역 통계 및 경계 (data.go.kr 15129688),bnd_sigungu_00_2025_2Q.shp,2025_2Q (BASE_DATE 20250630),공공데이터포털 이용허락범위 제한 없음,EPSG:5179
SGIS-11060,동대문구,DISTRICT,서울특별시,,,37.584393,127.051796,BOUNDARY_INTERIOR_POINT,11060,국가데이터처 SGIS 행정구역 통계 및 경계 (data.go.kr 15129688),bnd_sigungu_00_2025_2Q.shp,2025_2Q (BASE_DATE 20250630),공공데이터포털 이용허락범위 제한 없음,EPSG:5179
SGIS-11070,중랑구,DISTRICT,서울특별시,,,37.595308,127.093145,BOUNDARY_INTERIOR_POINT,11070,국가데이터처 SGIS 행정구역 통계 및 경계 (data.go.kr 15129688),bnd_sigungu_00_2025_2Q.shp,2025_2Q (BASE_DATE 20250630),공공데이터포털 이용허락범위 제한 없음,EPSG:5179
SGIS-11080,성북구,DISTRICT,서울특별시,,,37.607093,127.027104,BOUNDARY_INTERIOR_POINT,11080,국가데이터처 SGIS 행정구역 통계 및 경계 (data.go.kr 15129688),bnd_sigungu_00_2025_2Q.shp,2025_2Q (BASE_DATE 20250630),공공데이터포털 이용허락범위 제한 없음,EPSG:5179
SGIS-11090,강북구,DISTRICT,서울특별시,,,37.646971,127.004814,BOUNDARY_INTERIOR_POINT,11090,국가데이터처 SGIS 행정구역 통계 및 경계 (data.go.kr 15129688),bnd_sigungu_00_2025_2Q.shp,2025_2Q (BASE_DATE 20250630),공공데이터포털 이용허락범위 제한 없음,EPSG:5179
SGIS-11100,도봉구,DISTRICT,서울특별시,,,37.665965,127.032773,BOUNDARY_INTERIOR_POINT,11100,국가데이터처 SGIS 행정구역 통계 및 경계 (data.go.kr 15129688),bnd_sigungu_00_2025_2Q.shp,2025_2Q (BASE_DATE 20250630),공공데이터포털 이용허락범위 제한 없음,EPSG:5179
SGIS-11110,노원구,DISTRICT,서울특별시,,,37.655216,127.073235,BOUNDARY_INTERIOR_POINT,11110,국가데이터처 SGIS 행정구역 통계 및 경계 (data.go.kr 15129688),bnd_sigungu_00_2025_2Q.shp,2025_2Q (BASE_DATE 20250630),공공데이터포털 이용허락범위 제한 없음,EPSG:5179
SGIS-11120,은평구,DISTRICT,서울특별시,,,37.617723,126.926579,BOUNDARY_INTERIOR_POINT,11120,국가데이터처 SGIS 행정구역 통계 및 경계 (data.go.kr 15129688),bnd_sigungu_00_2025_2Q.shp,2025_2Q (BASE_DATE 20250630),공공데이터포털 이용허락범위 제한 없음,EPSG:5179
SGIS-11130,서대문구,DISTRICT,서울특별시,,,37.582859,126.93313,BOUNDARY_INTERIOR_POINT,11130,국가데이터처 SGIS 행정구역 통계 및 경계 (data.go.kr 15129688),bnd_sigungu_00_2025_2Q.shp,2025_2Q (BASE_DATE 20250630),공공데이터포털 이용허락범위 제한 없음,EPSG:5179
SGIS-11140,마포구,DISTRICT,서울특별시,,,37.562217,126.898308,BOUNDARY_INTERIOR_POINT,11140,국가데이터처 SGIS 행정구역 통계 및 경계 (data.go.kr 15129688),bnd_sigungu_00_2025_2Q.shp,2025_2Q (BASE_DATE 20250630),공공데이터포털 이용허락범위 제한 없음,EPSG:5179
SGIS-11150,양천구,DISTRICT,서울특별시,,,37.527095,126.86208,BOUNDARY_INTERIOR_POINT,11150,국가데이터처 SGIS 행정구역 통계 및 경계 (data.go.kr 15129688),bnd_sigungu_00_2025_2Q.shp,2025_2Q (BASE_DATE 20250630),공공데이터포털 이용허락범위 제한 없음,EPSG:5179
SGIS-11160,강서구,DISTRICT,서울특별시,,,37.565756,126.818499,BOUNDARY_INTERIOR_POINT,11160,국가데이터처 SGIS 행정구역 통계 및 경계 (data.go.kr 15129688),bnd_sigungu_00_2025_2Q.shp,2025_2Q (BASE_DATE 20250630),공공데이터포털 이용허락범위 제한 없음,EPSG:5179
SGIS-11170,구로구,DISTRICT,서울특별시,,,37.495543,126.85406,BOUNDARY_INTERIOR_POINT,11170,국가데이터처 SGIS 행정구역 통계 및 경계 (data.go.kr 15129688),bnd_sigungu_00_2025_2Q.shp,2025_2Q (BASE_DATE 20250630),공공데이터포털 이용허락범위 제한 없음,EPSG:5179
SGIS-11180,금천구,DISTRICT,서울특별시,,,37.460131,126.899808,BOUNDARY_INTERIOR_POINT,11180,국가데이터처 SGIS 행정구역 통계 및 경계 (data.go.kr 15129688),bnd_sigungu_00_2025_2Q.shp,2025_2Q (BASE_DATE 20250630),공공데이터포털 이용허락범위 제한 없음,EPSG:5179
SGIS-11190,영등포구,DISTRICT,서울특별시,,,37.520761,126.91466,BOUNDARY_INTERIOR_POINT,11190,국가데이터처 SGIS 행정구역 통계 및 경계 (data.go.kr 15129688),bnd_sigungu_00_2025_2Q.shp,2025_2Q (BASE_DATE 20250630),공공데이터포털 이용허락범위 제한 없음,EPSG:5179
SGIS-11200,동작구,DISTRICT,서울특별시,,,37.496444,126.947623,BOUNDARY_INTERIOR_POINT,11200,국가데이터처 SGIS 행정구역 통계 및 경계 (data.go.kr 15129688),bnd_sigungu_00_2025_2Q.shp,2025_2Q (BASE_DATE 20250630),공공데이터포털 이용허락범위 제한 없음,EPSG:5179
SGIS-11210,관악구,DISTRICT,서울특별시,,,37.465483,126.950819,BOUNDARY_INTERIOR_POINT,11210,국가데이터처 SGIS 행정구역 통계 및 경계 (data.go.kr 15129688),bnd_sigungu_00_2025_2Q.shp,2025_2Q (BASE_DATE 20250630),공공데이터포털 이용허락범위 제한 없음,EPSG:5179
SGIS-11220,서초구,DISTRICT,서울특별시,,,37.476879,127.013655,BOUNDARY_INTERIOR_POINT,11220,국가데이터처 SGIS 행정구역 통계 및 경계 (data.go.kr 15129688),bnd_sigungu_00_2025_2Q.shp,2025_2Q (BASE_DATE 20250630),공공데이터포털 이용허락범위 제한 없음,EPSG:5179
SGIS-11230,강남구,DISTRICT,서울특별시,,,37.496006,127.062466,BOUNDARY_INTERIOR_POINT,11230,국가데이터처 SGIS 행정구역 통계 및 경계 (data.go.kr 15129688),bnd_sigungu_00_2025_2Q.shp,2025_2Q (BASE_DATE 20250630),공공데이터포털 이용허락범위 제한 없음,EPSG:5179
SGIS-11240,송파구,DISTRICT,서울특별시,,,37.504864,127.105858,BOUNDARY_INTERIOR_POINT,11240,국가데이터처 SGIS 행정구역 통계 및 경계 (data.go.kr 15129688),bnd_sigungu_00_2025_2Q.shp,2025_2Q (BASE_DATE 20250630),공공데이터포털 이용허락범위 제한 없음,EPSG:5179
SGIS-11250,강동구,DISTRICT,서울특별시,,,37.548906,127.147245,BOUNDARY_INTERIOR_POINT,11250,국가데이터처 SGIS 행정구역 통계 및 경계 (data.go.kr 15129688),bnd_sigungu_00_2025_2Q.shp,2025_2Q (BASE_DATE 20250630),공공데이터포털 이용허락범위 제한 없음,EPSG:5179
SGIS-21010,중구,DISTRICT,부산광역시,,,35.105975,129.031695,BOUNDARY_INTERIOR_POINT,21010,국가데이터처 SGIS 행정구역 통계 및 경계 (data.go.kr 15129688),bnd_sigungu_00_2025_2Q.shp,2025_2Q (BASE_DATE 20250630),공공데이터포털 이용허락범위 제한 없음,EPSG:5179
SGIS-21020,서구,DISTRICT,부산광역시,,,35.095754,129.019546,BOUNDARY_INTERIOR_POINT,21020,국가데이터처 SGIS 행정구역 통계 및 경계 (data.go.kr 15129688),bnd_sigungu_00_2025_2Q.shp,2025_2Q (BASE_DATE 20250630),공공데이터포털 이용허락범위 제한 없음,EPSG:5179
SGIS-21030,동구,DISTRICT,부산광역시,,,35.126911,129.044935,BOUNDARY_INTERIOR_POINT,21030,국가데이터처 SGIS 행정구역 통계 및 경계 (data.go.kr 15129688),bnd_sigungu_00_2025_2Q.shp,2025_2Q (BASE_DATE 20250630),공공데이터포털 이용허락범위 제한 없음,EPSG:5179
SGIS-21040,영도구,DISTRICT,부산광역시,,,35.07699,129.063967,BOUNDARY_INTERIOR_POINT,21040,국가데이터처 SGIS 행정구역 통계 및 경계 (data.go.kr 15129688),bnd_sigungu_00_2025_2Q.shp,2025_2Q (BASE_DATE 20250630),공공데이터포털 이용허락범위 제한 없음,EPSG:5179
SGIS-21050,부산진구,DISTRICT,부산광역시,,,35.167578,129.04629,BOUNDARY_INTERIOR_POINT,21050,국가데이터처 SGIS 행정구역 통계 및 경계 (data.go.kr 15129688),bnd_sigungu_00_2025_2Q.shp,2025_2Q (BASE_DATE 20250630),공공데이터포털 이용허락범위 제한 없음,EPSG:5179
SGIS-21060,동래구,DISTRICT,부산광역시,,,35.205192,129.079938,BOUNDARY_INTERIOR_POINT,21060,국가데이터처 SGIS 행정구역 통계 및 경계 (data.go.kr 15129688),bnd_sigungu_00_2025_2Q.shp,2025_2Q (BASE_DATE 20250630),공공데이터포털 이용허락범위 제한 없음,EPSG:5179
SGIS-21070,남구,DISTRICT,부산광역시,,,35.126361,129.089651,BOUNDARY_INTERIOR_POINT,21070,국가데이터처 SGIS 행정구역 통계 및 경계 (data.go.kr 15129688),bnd_sigungu_00_2025_2Q.shp,2025_2Q (BASE_DATE 20250630),공공데이터포털 이용허락범위 제한 없음,EPSG:5179
SGIS-21080,북구,DISTRICT,부산광역시,,,35.231881,129.021293,BOUNDARY_INTERIOR_POINT,21080,국가데이터처 SGIS 행정구역 통계 및 경계 (data.go.kr 15129688),bnd_sigungu_00_2025_2Q.shp,2025_2Q (BASE_DATE 20250630),공공데이터포털 이용허락범위 제한 없음,EPSG:5179
SGIS-21090,해운대구,DISTRICT,부산광역시,,,35.201196,129.144389,BOUNDARY_INTERIOR_POINT,21090,국가데이터처 SGIS 행정구역 통계 및 경계 (data.go.kr 15129688),bnd_sigungu_00_2025_2Q.shp,2025_2Q (BASE_DATE 20250630),공공데이터포털 이용허락범위 제한 없음,EPSG:5179
SGIS-21100,사하구,DISTRICT,부산광역시,,,35.084492,128.975929,BOUNDARY_INTERIOR_POINT,21100,국가데이터처 SGIS 행정구역 통계 및 경계 (data.go.kr 15129688),bnd_sigungu_00_2025_2Q.shp,2025_2Q (BASE_DATE 20250630),공공데이터포털 이용허락범위 제한 없음,EPSG:5179
SGIS-21110,금정구,DISTRICT,부산광역시,,,35.258308,129.089832,BOUNDARY_INTERIOR_POINT,21110,국가데이터처 SGIS 행정구역 통계 및 경계 (data.go.kr 15129688),bnd_sigungu_00_2025_2Q.shp,2025_2Q (BASE_DATE 20250630),공공데이터포털 이용허락범위 제한 없음,EPSG:5179
SGIS-21120,강서구,DISTRICT,부산광역시,,,35.157831,128.917898,BOUNDARY_INTERIOR_POINT,21120,국가데이터처 SGIS 행정구역 통계 및 경계 (data.go.kr 15129688),bnd_sigungu_00_2025_2Q.shp,2025_2Q (BASE_DATE 20250630),공공데이터포털 이용허락범위 제한 없음,EPSG:5179
SGIS-21130,연제구,DISTRICT,부산광역시,,,35.178787,129.085367,BOUNDARY_INTERIOR_POINT,21130,국가데이터처 SGIS 행정구역 통계 및 경계 (data.go.kr 15129688),bnd_sigungu_00_2025_2Q.shp,2025_2Q (BASE_DATE 20250630),공공데이터포털 이용허락범위 제한 없음,EPSG:5179
SGIS-21140,수영구,DISTRICT,부산광역시,,,35.161006,129.113451,BOUNDARY_INTERIOR_POINT,21140,국가데이터처 SGIS 행정구역 통계 및 경계 (data.go.kr 15129688),bnd_sigungu_00_2025_2Q.shp,2025_2Q (BASE_DATE 20250630),공공데이터포털 이용허락범위 제한 없음,EPSG:5179
SGIS-21150,사상구,DISTRICT,부산광역시,,,35.159657,128.986296,BOUNDARY_INTERIOR_POINT,21150,국가데이터처 SGIS 행정구역 통계 및 경계 (data.go.kr 15129688),bnd_sigungu_00_2025_2Q.shp,2025_2Q (BASE_DATE 20250630),공공데이터포털 이용허락범위 제한 없음,EPSG:5179
SGIS-21510,기장군,COUNTY,부산광역시,,,35.285232,129.193158,BOUNDARY_INTERIOR_POINT,21510,국가데이터처 SGIS 행정구역 통계 및 경계 (data.go.kr 15129688),bnd_sigungu_00_2025_2Q.shp,2025_2Q (BASE_DATE 20250630),공공데이터포털 이용허락범위 제한 없음,EPSG:5179
SGIS-22010,중구,DISTRICT,대구광역시,,,35.867256,128.595375,BOUNDARY_INTERIOR_POINT,22010,국가데이터처 SGIS 행정구역 통계 및 경계 (data.go.kr 15129688),bnd_sigungu_00_2025_2Q.shp,2025_2Q (BASE_DATE 20250630),공공데이터포털 이용허락범위 제한 없음,EPSG:5179
SGIS-22020,동구,DISTRICT,대구광역시,,,35.934135,128.68207,BOUNDARY_INTERIOR_POINT,22020,국가데이터처 SGIS 행정구역 통계 및 경계 (data.go.kr 15129688),bnd_sigungu_00_2025_2Q.shp,2025_2Q (BASE_DATE 20250630),공공데이터포털 이용허락범위 제한 없음,EPSG:5179
SGIS-22030,서구,DISTRICT,대구광역시,,,35.875774,128.548382,BOUNDARY_INTERIOR_POINT,22030,국가데이터처 SGIS 행정구역 통계 및 경계 (data.go.kr 15129688),bnd_sigungu_00_2025_2Q.shp,2025_2Q (BASE_DATE 20250630),공공데이터포털 이용허락범위 제한 없음,EPSG:5179
SGIS-22040,남구,DISTRICT,대구광역시,,,35.833623,128.58149,BOUNDARY_INTERIOR_POINT,22040,국가데이터처 SGIS 행정구역 통계 및 경계 (data.go.kr 15129688),bnd_sigungu_00_2025_2Q.shp,2025_2Q (BASE_DATE 20250630),공공데이터포털 이용허락범위 제한 없음,EPSG:5179
SGIS-22050,북구,DISTRICT,대구광역시,,,35.930996,128.580576,BOUNDARY_INTERIOR_POINT,22050,국가데이터처 SGIS 행정구역 통계 및 경계 (data.go.kr 15129688),bnd_sigungu_00_2025_2Q.shp,2025_2Q (BASE_DATE 20250630),공공데이터포털 이용허락범위 제한 없음,EPSG:5179
SGIS-22060,수성구,DISTRICT,대구광역시,,,35.834259,128.661201,BOUNDARY_INTERIOR_POINT,22060,국가데이터처 SGIS 행정구역 통계 및 경계 (data.go.kr 15129688),bnd_sigungu_00_2025_2Q.shp,2025_2Q (BASE_DATE 20250630),공공데이터포털 이용허락범위 제한 없음,EPSG:5179
SGIS-22070,달서구,DISTRICT,대구광역시,,,35.821356,128.52705,BOUNDARY_INTERIOR_POINT,22070,국가데이터처 SGIS 행정구역 통계 및 경계 (data.go.kr 15129688),bnd_sigungu_00_2025_2Q.shp,2025_2Q (BASE_DATE 20250630),공공데이터포털 이용허락범위 제한 없음,EPSG:5179
SGIS-22510,달성군,COUNTY,대구광역시,,,35.89148,128.446113,BOUNDARY_INTERIOR_POINT,22510,국가데이터처 SGIS 행정구역 통계 및 경계 (data.go.kr 15129688),bnd_sigungu_00_2025_2Q.shp,2025_2Q (BASE_DATE 20250630),공공데이터포털 이용허락범위 제한 없음,EPSG:5179
SGIS-22520,군위군,COUNTY,대구광역시,,,36.165375,128.726279,BOUNDARY_INTERIOR_POINT,22520,국가데이터처 SGIS 행정구역 통계 및 경계 (data.go.kr 15129688),bnd_sigungu_00_2025_2Q.shp,2025_2Q (BASE_DATE 20250630),공공데이터포털 이용허락범위 제한 없음,EPSG:5179
SGIS-23010,중구,DISTRICT,인천광역시,,,37.474948,126.456993,BOUNDARY_INTERIOR_POINT,23010,국가데이터처 SGIS 행정구역 통계 및 경계 (data.go.kr 15129688),bnd_sigungu_00_2025_2Q.shp,2025_2Q (BASE_DATE 20250630),공공데이터포털 이용허락범위 제한 없음,EPSG:5179
SGIS-23020,동구,DISTRICT,인천광역시,,,37.482098,126.636468,BOUNDARY_INTERIOR_POINT,23020,국가데이터처 SGIS 행정구역 통계 및 경계 (data.go.kr 15129688),bnd_sigungu_00_2025_2Q.shp,2025_2Q (BASE_DATE 20250630),공공데이터포털 이용허락범위 제한 없음,EPSG:5179
SGIS-23040,연수구,DISTRICT,인천광역시,,,37.388309,126.642488,BOUNDARY_INTERIOR_POINT,23040,국가데이터처 SGIS 행정구역 통계 및 경계 (data.go.kr 15129688),bnd_sigungu_00_2025_2Q.shp,2025_2Q (BASE_DATE 20250630),공공데이터포털 이용허락범위 제한 없음,EPSG:5179
SGIS-23050,남동구,DISTRICT,인천광역시,,,37.430691,126.738314,BOUNDARY_INTERIOR_POINT,23050,국가데이터처 SGIS 행정구역 통계 및 경계 (data.go.kr 15129688),bnd_sigungu_00_2025_2Q.shp,2025_2Q (BASE_DATE 20250630),공공데이터포털 이용허락범위 제한 없음,EPSG:5179
SGIS-23060,부평구,DISTRICT,인천광역시,,,37.494148,126.716745,BOUNDARY_INTERIOR_POINT,23060,국가데이터처 SGIS 행정구역 통계 및 경계 (data.go.kr 15129688),bnd_sigungu_00_2025_2Q.shp,2025_2Q (BASE_DATE 20250630),공공데이터포털 이용허락범위 제한 없음,EPSG:5179
SGIS-23070,계양구,DISTRICT,인천광역시,,,37.558764,126.736156,BOUNDARY_INTERIOR_POINT,23070,국가데이터처 SGIS 행정구역 통계 및 경계 (data.go.kr 15129688),bnd_sigungu_00_2025_2Q.shp,2025_2Q (BASE_DATE 20250630),공공데이터포털 이용허락범위 제한 없음,EPSG:5179
SGIS-23080,서구,DISTRICT,인천광역시,,,37.555519,126.656859,BOUNDARY_INTERIOR_POINT,23080,국가데이터처 SGIS 행정구역 통계 및 경계 (data.go.kr 15129688),bnd_sigungu_00_2025_2Q.shp,2025_2Q (BASE_DATE 20250630),공공데이터포털 이용허락범위 제한 없음,EPSG:5179
SGIS-23090,미추홀구,DISTRICT,인천광역시,,,37.457034,126.664914,BOUNDARY_INTERIOR_POINT,23090,국가데이터처 SGIS 행정구역 통계 및 경계 (data.go.kr 15129688),bnd_sigungu_00_2025_2Q.shp,2025_2Q (BASE_DATE 20250630),공공데이터포털 이용허락범위 제한 없음,EPSG:5179
SGIS-23510,강화군,COUNTY,인천광역시,,,37.705723,126.43917,BOUNDARY_INTERIOR_POINT,23510,국가데이터처 SGIS 행정구역 통계 및 경계 (data.go.kr 15129688),bnd_sigungu_00_2025_2Q.shp,2025_2Q (BASE_DATE 20250630),공공데이터포털 이용허락범위 제한 없음,EPSG:5179
SGIS-23520,옹진군,COUNTY,인천광역시,,,37.949425,124.673125,BOUNDARY_INTERIOR_POINT,23520,국가데이터처 SGIS 행정구역 통계 및 경계 (data.go.kr 15129688),bnd_sigungu_00_2025_2Q.shp,2025_2Q (BASE_DATE 20250630),공공데이터포털 이용허락범위 제한 없음,EPSG:5179
SGIS-24010,동구,DISTRICT,광주광역시,,,35.119054,126.961455,BOUNDARY_INTERIOR_POINT,24010,국가데이터처 SGIS 행정구역 통계 및 경계 (data.go.kr 15129688),bnd_sigungu_00_2025_2Q.shp,2025_2Q (BASE_DATE 20250630),공공데이터포털 이용허락범위 제한 없음,EPSG:5179
SGIS-24020,서구,DISTRICT,광주광역시,,,35.134897,126.853888,BOUNDARY_INTERIOR_POINT,24020,국가데이터처 SGIS 행정구역 통계 및 경계 (data.go.kr 15129688),bnd_sigungu_00_2025_2Q.shp,2025_2Q (BASE_DATE 20250630),공공데이터포털 이용허락범위 제한 없음,EPSG:5179
SGIS-24030,남구,DISTRICT,광주광역시,,,35.101797,126.879903,BOUNDARY_INTERIOR_POINT,24030,국가데이터처 SGIS 행정구역 통계 및 경계 (data.go.kr 15129688),bnd_sigungu_00_2025_2Q.shp,2025_2Q (BASE_DATE 20250630),공공데이터포털 이용허락범위 제한 없음,EPSG:5179
SGIS-24040,북구,DISTRICT,광주광역시,,,35.189567,126.909715,BOUNDARY_INTERIOR_POINT,24040,국가데이터처 SGIS 행정구역 통계 및 경계 (data.go.kr 15129688),bnd_sigungu_00_2025_2Q.shp,2025_2Q (BASE_DATE 20250630),공공데이터포털 이용허락범위 제한 없음,EPSG:5179
SGIS-24050,광산구,DISTRICT,광주광역시,,,35.164307,126.73929,BOUNDARY_INTERIOR_POINT,24050,국가데이터처 SGIS 행정구역 통계 및 경계 (data.go.kr 15129688),bnd_sigungu_00_2025_2Q.shp,2025_2Q (BASE_DATE 20250630),공공데이터포털 이용허락범위 제한 없음,EPSG:5179
SGIS-25010,동구,DISTRICT,대전광역시,,,36.317291,127.467923,BOUNDARY_INTERIOR_POINT,25010,국가데이터처 SGIS 행정구역 통계 및 경계 (data.go.kr 15129688),bnd_sigungu_00_2025_2Q.shp,2025_2Q (BASE_DATE 20250630),공공데이터포털 이용허락범위 제한 없음,EPSG:5179
SGIS-25020,중구,DISTRICT,대전광역시,,,36.278361,127.402105,BOUNDARY_INTERIOR_POINT,25020,국가데이터처 SGIS 행정구역 통계 및 경계 (data.go.kr 15129688),bnd_sigungu_00_2025_2Q.shp,2025_2Q (BASE_DATE 20250630),공공데이터포털 이용허락범위 제한 없음,EPSG:5179
SGIS-25030,서구,DISTRICT,대전광역시,,,36.277552,127.340527,BOUNDARY_INTERIOR_POINT,25030,국가데이터처 SGIS 행정구역 통계 및 경계 (data.go.kr 15129688),bnd_sigungu_00_2025_2Q.shp,2025_2Q (BASE_DATE 20250630),공공데이터포털 이용허락범위 제한 없음,EPSG:5179
SGIS-25040,유성구,DISTRICT,대전광역시,,,36.382246,127.345335,BOUNDARY_INTERIOR_POINT,25040,국가데이터처 SGIS 행정구역 통계 및 경계 (data.go.kr 15129688),bnd_sigungu_00_2025_2Q.shp,2025_2Q (BASE_DATE 20250630),공공데이터포털 이용허락범위 제한 없음,EPSG:5179
SGIS-25050,대덕구,DISTRICT,대전광역시,,,36.409067,127.44257,BOUNDARY_INTERIOR_POINT,25050,국가데이터처 SGIS 행정구역 통계 및 경계 (data.go.kr 15129688),bnd_sigungu_00_2025_2Q.shp,2025_2Q (BASE_DATE 20250630),공공데이터포털 이용허락범위 제한 없음,EPSG:5179
SGIS-26010,중구,DISTRICT,울산광역시,,,35.572101,129.304881,BOUNDARY_INTERIOR_POINT,26010,국가데이터처 SGIS 행정구역 통계 및 경계 (data.go.kr 15129688),bnd_sigungu_00_2025_2Q.shp,2025_2Q (BASE_DATE 20250630),공공데이터포털 이용허락범위 제한 없음,EPSG:5179
SGIS-26020,남구,DISTRICT,울산광역시,,,35.503836,129.328767,BOUNDARY_INTERIOR_POINT,26020,국가데이터처 SGIS 행정구역 통계 및 경계 (data.go.kr 15129688),bnd_sigungu_00_2025_2Q.shp,2025_2Q (BASE_DATE 20250630),공공데이터포털 이용허락범위 제한 없음,EPSG:5179
SGIS-26030,동구,DISTRICT,울산광역시,,,35.521535,129.424363,BOUNDARY_INTERIOR_POINT,26030,국가데이터처 SGIS 행정구역 통계 및 경계 (data.go.kr 15129688),bnd_sigungu_00_2025_2Q.shp,2025_2Q (BASE_DATE 20250630),공공데이터포털 이용허락범위 제한 없음,EPSG:5179
SGIS-26040,북구,DISTRICT,울산광역시,,,35.59748,129.397709,BOUNDARY_INTERIOR_POINT,26040,국가데이터처 SGIS 행정구역 통계 및 경계 (data.go.kr 15129688),bnd_sigungu_00_2025_2Q.shp,2025_2Q (BASE_DATE 20250630),공공데이터포털 이용허락범위 제한 없음,EPSG:5179
SGIS-26510,울주군,COUNTY,울산광역시,,,35.527419,129.165036,BOUNDARY_INTERIOR_POINT,26510,국가데이터처 SGIS 행정구역 통계 및 경계 (data.go.kr 15129688),bnd_sigungu_00_2025_2Q.shp,2025_2Q (BASE_DATE 20250630),공공데이터포털 이용허락범위 제한 없음,EPSG:5179
SGIS-29010,세종시,CITY,세종특별자치시,,,36.570293,127.269726,BOUNDARY_INTERIOR_POINT,29010,국가데이터처 SGIS 행정구역 통계 및 경계 (data.go.kr 15129688),bnd_sigungu_00_2025_2Q.shp,2025_2Q (BASE_DATE 20250630),공공데이터포털 이용허락범위 제한 없음,EPSG:5179
SGIS-31011,수원시 장안구,DISTRICT,경기도,,,37.318129,127.003003,BOUNDARY_INTERIOR_POINT,31011,국가데이터처 SGIS 행정구역 통계 및 경계 (data.go.kr 15129688),bnd_sigungu_00_2025_2Q.shp,2025_2Q (BASE_DATE 20250630),공공데이터포털 이용허락범위 제한 없음,EPSG:5179
SGIS-31012,수원시 권선구,DISTRICT,경기도,,,37.263892,126.965547,BOUNDARY_INTERIOR_POINT,31012,국가데이터처 SGIS 행정구역 통계 및 경계 (data.go.kr 15129688),bnd_sigungu_00_2025_2Q.shp,2025_2Q (BASE_DATE 20250630),공공데이터포털 이용허락범위 제한 없음,EPSG:5179
SGIS-31013,수원시 팔달구,DISTRICT,경기도,,,37.274986,127.017179,BOUNDARY_INTERIOR_POINT,31013,국가데이터처 SGIS 행정구역 통계 및 경계 (data.go.kr 15129688),bnd_sigungu_00_2025_2Q.shp,2025_2Q (BASE_DATE 20250630),공공데이터포털 이용허락범위 제한 없음,EPSG:5179
SGIS-31014,수원시 영통구,DISTRICT,경기도,,,37.276206,127.056213,BOUNDARY_INTERIOR_POINT,31014,국가데이터처 SGIS 행정구역 통계 및 경계 (data.go.kr 15129688),bnd_sigungu_00_2025_2Q.shp,2025_2Q (BASE_DATE 20250630),공공데이터포털 이용허락범위 제한 없음,EPSG:5179
SGIS-31021,성남시 수정구,DISTRICT,경기도,,,37.435838,127.104591,BOUNDARY_INTERIOR_POINT,31021,국가데이터처 SGIS 행정구역 통계 및 경계 (data.go.kr 15129688),bnd_sigungu_00_2025_2Q.shp,2025_2Q (BASE_DATE 20250630),공공데이터포털 이용허락범위 제한 없음,EPSG:5179
SGIS-31022,성남시 중원구,DISTRICT,경기도,,,37.440001,127.169723,BOUNDARY_INTERIOR_POINT,31022,국가데이터처 SGIS 행정구역 통계 및 경계 (data.go.kr 15129688),bnd_sigungu_00_2025_2Q.shp,2025_2Q (BASE_DATE 20250630),공공데이터포털 이용허락범위 제한 없음,EPSG:5179
SGIS-31023,성남시 분당구,DISTRICT,경기도,,,37.375217,127.094499,BOUNDARY_INTERIOR_POINT,31023,국가데이터처 SGIS 행정구역 통계 및 경계 (data.go.kr 15129688),bnd_sigungu_00_2025_2Q.shp,2025_2Q (BASE_DATE 20250630),공공데이터포털 이용허락범위 제한 없음,EPSG:5179
SGIS-31030,의정부시,CITY,경기도,,,37.733073,127.066651,BOUNDARY_INTERIOR_POINT,31030,국가데이터처 SGIS 행정구역 통계 및 경계 (data.go.kr 15129688),bnd_sigungu_00_2025_2Q.shp,2025_2Q (BASE_DATE 20250630),공공데이터포털 이용허락범위 제한 없음,EPSG:5179
SGIS-31041,안양시 만안구,DISTRICT,경기도,,,37.404513,126.902759,BOUNDARY_INTERIOR_POINT,31041,국가데이터처 SGIS 행정구역 통계 및 경계 (data.go.kr 15129688),bnd_sigungu_00_2025_2Q.shp,2025_2Q (BASE_DATE 20250630),공공데이터포털 이용허락범위 제한 없음,EPSG:5179
SGIS-31042,안양시 동안구,DISTRICT,경기도,,,37.401173,126.954842,BOUNDARY_INTERIOR_POINT,31042,국가데이터처 SGIS 행정구역 통계 및 경계 (data.go.kr 15129688),bnd_sigungu_00_2025_2Q.shp,2025_2Q (BASE_DATE 20250630),공공데이터포털 이용허락범위 제한 없음,EPSG:5179
SGIS-31051,부천시 원미구,DISTRICT,경기도,,,37.502256,126.782604,BOUNDARY_INTERIOR_POINT,31051,국가데이터처 SGIS 행정구역 통계 및 경계 (data.go.kr 15129688),bnd_sigungu_00_2025_2Q.shp,2025_2Q (BASE_DATE 20250630),공공데이터포털 이용허락범위 제한 없음,EPSG:5179
SGIS-31052,부천시 소사구,DISTRICT,경기도,,,37.474368,126.790621,BOUNDARY_INTERIOR_POINT,31052,국가데이터처 SGIS 행정구역 통계 및 경계 (data.go.kr 15129688),bnd_sigungu_00_2025_2Q.shp,2025_2Q (BASE_DATE 20250630),공공데이터포털 이용허락범위 제한 없음,EPSG:5179
SGIS-31053,부천시 오정구,DISTRICT,경기도,,,37.530146,126.79262,BOUNDARY_INTERIOR_POINT,31053,국가데이터처 SGIS 행정구역 통계 및 경계 (data.go.kr 15129688),bnd_sigungu_00_2025_2Q.shp,2025_2Q (BASE_DATE 20250630),공공데이터포털 이용허락범위 제한 없음,EPSG:5179
SGIS-31060,광명시,CITY,경기도,,,37.448337,126.867473,BOUNDARY_INTERIOR_POINT,31060,국가데이터처 SGIS 행정구역 통계 및 경계 (data.go.kr 15129688),bnd_sigungu_00_2025_2Q.shp,2025_2Q (BASE_DATE 20250630),공공데이터포털 이용허락범위 제한 없음,EPSG:5179
SGIS-31070,평택시,CITY,경기도,,,37.023032,127.003713,BOUNDARY_INTERIOR_POINT,31070,국가데이터처 SGIS 행정구역 통계 및 경계 (data.go.kr 15129688),bnd_sigungu_00_2025_2Q.shp,2025_2Q (BASE_DATE 20250630),공공데이터포털 이용허락범위 제한 없음,EPSG:5179
SGIS-31080,동두천시,CITY,경기도,,,37.920581,127.066989,BOUNDARY_INTERIOR_POINT,31080,국가데이터처 SGIS 행정구역 통계 및 경계 (data.go.kr 15129688),bnd_sigungu_00_2025_2Q.shp,2025_2Q (BASE_DATE 20250630),공공데이터포털 이용허락범위 제한 없음,EPSG:5179
SGIS-31091,안산시 상록구,DISTRICT,경기도,,,37.322358,126.857803,BOUNDARY_INTERIOR_POINT,31091,국가데이터처 SGIS 행정구역 통계 및 경계 (data.go.kr 15129688),bnd_sigungu_00_2025_2Q.shp,2025_2Q (BASE_DATE 20250630),공공데이터포털 이용허락범위 제한 없음,EPSG:5179
SGIS-31092,안산시 단원구,DISTRICT,경기도,,,37.328769,126.794706,BOUNDARY_INTERIOR_POINT,31092,국가데이터처 SGIS 행정구역 통계 및 경계 (data.go.kr 15129688),bnd_sigungu_00_2025_2Q.shp,2025_2Q (BASE_DATE 20250630),공공데이터포털 이용허락범위 제한 없음,EPSG:5179
SGIS-31101,고양시 덕양구,DISTRICT,경기도,,,37.66021,126.899926,BOUNDARY_INTERIOR_POINT,31101,국가데이터처 SGIS 행정구역 통계 및 경계 (data.go.kr 15129688),bnd_sigungu_00_2025_2Q.shp,2025_2Q (BASE_DATE 20250630),공공데이터포털 이용허락범위 제한 없음,EPSG:5179
SGIS-31103,고양시 일산동구,DISTRICT,경기도,,,37.681409,126.806394,BOUNDARY_INTERIOR_POINT,31103,국가데이터처 SGIS 행정구역 통계 및 경계 (data.go.kr 15129688),bnd_sigungu_00_2025_2Q.shp,2025_2Q (BASE_DATE 20250630),공공데이터포털 이용허락범위 제한 없음,EPSG:5179
SGIS-31104,고양시 일산서구,DISTRICT,경기도,,,37.677222,126.72506,BOUNDARY_INTERIOR_POINT,31104,국가데이터처 SGIS 행정구역 통계 및 경계 (data.go.kr 15129688),bnd_sigungu_00_2025_2Q.shp,2025_2Q (BASE_DATE 20250630),공공데이터포털 이용허락범위 제한 없음,EPSG:5179
SGIS-31110,과천시,CITY,경기도,,,37.434194,127.003893,BOUNDARY_INTERIOR_POINT,31110,국가데이터처 SGIS 행정구역 통계 및 경계 (data.go.kr 15129688),bnd_sigungu_00_2025_2Q.shp,2025_2Q (BASE_DATE 20250630),공공데이터포털 이용허락범위 제한 없음,EPSG:5179
SGIS-31120,구리시,CITY,경기도,,,37.601241,127.132715,BOUNDARY_INTERIOR_POINT,31120,국가데이터처 SGIS 행정구역 통계 및 경계 (data.go.kr 15129688),bnd_sigungu_00_2025_2Q.shp,2025_2Q (BASE_DATE 20250630),공공데이터포털 이용허락범위 제한 없음,EPSG:5179
SGIS-31130,남양주시,CITY,경기도,,,37.64297,127.258004,BOUNDARY_INTERIOR_POINT,31130,국가데이터처 SGIS 행정구역 통계 및 경계 (data.go.kr 15129688),bnd_sigungu_00_2025_2Q.shp,2025_2Q (BASE_DATE 20250630),공공데이터포털 이용허락범위 제한 없음,EPSG:5179
SGIS-31140,오산시,CITY,경기도,,,37.163072,127.051305,BOUNDARY_INTERIOR_POINT,31140,국가데이터처 SGIS 행정구역 통계 및 경계 (data.go.kr 15129688),bnd_sigungu_00_2025_2Q.shp,2025_2Q (BASE_DATE 20250630),공공데이터포털 이용허락범위 제한 없음,EPSG:5179
SGIS-31150,시흥시,CITY,경기도,,,37.390835,126.830895,BOUNDARY_INTERIOR_POINT,31150,국가데이터처 SGIS 행정구역 통계 및 경계 (data.go.kr 15129688),bnd_sigungu_00_2025_2Q.shp,2025_2Q (BASE_DATE 20250630),공공데이터포털 이용허락범위 제한 없음,EPSG:5179
SGIS-31160,군포시,CITY,경기도,,,37.341797,126.920714,BOUNDARY_INTERIOR_POINT,31160,국가데이터처 SGIS 행정구역 통계 및 경계 (data.go.kr 15129688),bnd_sigungu_00_2025_2Q.shp,2025_2Q (BASE_DATE 20250630),공공데이터포털 이용허락범위 제한 없음,EPSG:5179
SGIS-31170,의왕시,CITY,경기도,,,37.357951,126.98919,BOUNDARY_INTERIOR_POINT,31170,국가데이터처 SGIS 행정구역 통계 및 경계 (data.go.kr 15129688),bnd_sigungu_00_2025_2Q.shp,2025_2Q (BASE_DATE 20250630),공공데이터포털 이용허락범위 제한 없음,EPSG:5179
SGIS-31180,하남시,CITY,경기도,,,37.530337,127.211093,BOUNDARY_INTERIOR_POINT,31180,국가데이터처 SGIS 행정구역 통계 및 경계 (data.go.kr 15129688),bnd_sigungu_00_2025_2Q.shp,2025_2Q (BASE_DATE 20250630),공공데이터포털 이용허락범위 제한 없음,EPSG:5179
SGIS-31191,용인시 처인구,DISTRICT,경기도,,,37.222107,127.240046,BOUNDARY_INTERIOR_POINT,31191,국가데이터처 SGIS 행정구역 통계 및 경계 (data.go.kr 15129688),bnd_sigungu_00_2025_2Q.shp,2025_2Q (BASE_DATE 20250630),공공데이터포털 이용허락범위 제한 없음,EPSG:5179
SGIS-31192,용인시 기흥구,DISTRICT,경기도,,,37.270071,127.118322,BOUNDARY_INTERIOR_POINT,31192,국가데이터처 SGIS 행정구역 통계 및 경계 (data.go.kr 15129688),bnd_sigungu_00_2025_2Q.shp,2025_2Q (BASE_DATE 20250630),공공데이터포털 이용허락범위 제한 없음,EPSG:5179
SGIS-31193,용인시 수지구,DISTRICT,경기도,,,37.332797,127.088752,BOUNDARY_INTERIOR_POINT,31193,국가데이터처 SGIS 행정구역 통계 및 경계 (data.go.kr 15129688),bnd_sigungu_00_2025_2Q.shp,2025_2Q (BASE_DATE 20250630),공공데이터포털 이용허락범위 제한 없음,EPSG:5179
SGIS-31200,파주시,CITY,경기도,,,37.849547,126.807764,BOUNDARY_INTERIOR_POINT,31200,국가데이터처 SGIS 행정구역 통계 및 경계 (data.go.kr 15129688),bnd_sigungu_00_2025_2Q.shp,2025_2Q (BASE_DATE 20250630),공공데이터포털 이용허락범위 제한 없음,EPSG:5179
SGIS-31210,이천시,CITY,경기도,,,37.201466,127.451996,BOUNDARY_INTERIOR_POINT,31210,국가데이터처 SGIS 행정구역 통계 및 경계 (data.go.kr 15129688),bnd_sigungu_00_2025_2Q.shp,2025_2Q (BASE_DATE 20250630),공공데이터포털 이용허락범위 제한 없음,EPSG:5179
SGIS-31220,안성시,CITY,경기도,,,37.024761,127.3059,BOUNDARY_INTERIOR_POINT,31220,국가데이터처 SGIS 행정구역 통계 및 경계 (data.go.kr 15129688),bnd_sigungu_00_2025_2Q.shp,2025_2Q (BASE_DATE 20250630),공공데이터포털 이용허락범위 제한 없음,EPSG:5179
SGIS-31230,김포시,CITY,경기도,,,37.684653,126.601556,BOUNDARY_INTERIOR_POINT,31230,국가데이터처 SGIS 행정구역 통계 및 경계 (data.go.kr 15129688),bnd_sigungu_00_2025_2Q.shp,2025_2Q (BASE_DATE 20250630),공공데이터포털 이용허락범위 제한 없음,EPSG:5179
SGIS-31240,화성시,CITY,경기도,,,37.154086,126.891259,BOUNDARY_INTERIOR_POINT,31240,국가데이터처 SGIS 행정구역 통계 및 경계 (data.go.kr 15129688),bnd_sigungu_00_2025_2Q.shp,2025_2Q (BASE_DATE 20250630),공공데이터포털 이용허락범위 제한 없음,EPSG:5179
SGIS-31250,광주시,CITY,경기도,,,37.400458,127.291777,BOUNDARY_INTERIOR_POINT,31250,국가데이터처 SGIS 행정구역 통계 및 경계 (data.go.kr 15129688),bnd_sigungu_00_2025_2Q.shp,2025_2Q (BASE_DATE 20250630),공공데이터포털 이용허락범위 제한 없음,EPSG:5179
SGIS-31260,양주시,CITY,경기도,,,37.805693,127.014113,BOUNDARY_INTERIOR_POINT,31260,국가데이터처 SGIS 행정구역 통계 및 경계 (data.go.kr 15129688),bnd_sigungu_00_2025_2Q.shp,2025_2Q (BASE_DATE 20250630),공공데이터포털 이용허락범위 제한 없음,EPSG:5179
SGIS-31270,포천시,CITY,경기도,,,37.967668,127.237579,BOUNDARY_INTERIOR_POINT,31270,국가데이터처 SGIS 행정구역 통계 및 경계 (data.go.kr 15129688),bnd_sigungu_00_2025_2Q.shp,2025_2Q (BASE_DATE 20250630),공공데이터포털 이용허락범위 제한 없음,EPSG:5179
SGIS-31280,여주시,CITY,경기도,,,37.287627,127.644285,BOUNDARY_INTERIOR_POINT,31280,국가데이터처 SGIS 행정구역 통계 및 경계 (data.go.kr 15129688),bnd_sigungu_00_2025_2Q.shp,2025_2Q (BASE_DATE 20250630),공공데이터포털 이용허락범위 제한 없음,EPSG:5179
SGIS-31550,연천군,COUNTY,경기도,,,38.105099,127.021474,BOUNDARY_INTERIOR_POINT,31550,국가데이터처 SGIS 행정구역 통계 및 경계 (data.go.kr 15129688),bnd_sigungu_00_2025_2Q.shp,2025_2Q (BASE_DATE 20250630),공공데이터포털 이용허락범위 제한 없음,EPSG:5179
SGIS-31570,가평군,COUNTY,경기도,,,37.811246,127.407659,BOUNDARY_INTERIOR_POINT,31570,국가데이터처 SGIS 행정구역 통계 및 경계 (data.go.kr 15129688),bnd_sigungu_00_2025_2Q.shp,2025_2Q (BASE_DATE 20250630),공공데이터포털 이용허락범위 제한 없음,EPSG:5179
SGIS-31580,양평군,COUNTY,경기도,,,37.518996,127.581096,BOUNDARY_INTERIOR_POINT,31580,국가데이터처 SGIS 행정구역 통계 및 경계 (data.go.kr 15129688),bnd_sigungu_00_2025_2Q.shp,2025_2Q (BASE_DATE 20250630),공공데이터포털 이용허락범위 제한 없음,EPSG:5179
SGIS-32010,춘천시,CITY,강원특별자치도,,,37.879999,127.787081,BOUNDARY_INTERIOR_POINT,32010,국가데이터처 SGIS 행정구역 통계 및 경계 (data.go.kr 15129688),bnd_sigungu_00_2025_2Q.shp,2025_2Q (BASE_DATE 20250630),공공데이터포털 이용허락범위 제한 없음,EPSG:5179
SGIS-32020,원주시,CITY,강원특별자치도,,,37.325059,127.899765,BOUNDARY_INTERIOR_POINT,32020,국가데이터처 SGIS 행정구역 통계 및 경계 (data.go.kr 15129688),bnd_sigungu_00_2025_2Q.shp,2025_2Q (BASE_DATE 20250630),공공데이터포털 이용허락범위 제한 없음,EPSG:5179
SGIS-32030,강릉시,CITY,강원특별자치도,,,37.709604,128.883209,BOUNDARY_INTERIOR_POINT,32030,국가데이터처 SGIS 행정구역 통계 및 경계 (data.go.kr 15129688),bnd_sigungu_00_2025_2Q.shp,2025_2Q (BASE_DATE 20250630),공공데이터포털 이용허락범위 제한 없음,EPSG:5179
SGIS-32040,동해시,CITY,강원특별자치도,,,37.515759,129.045397,BOUNDARY_INTERIOR_POINT,32040,국가데이터처 SGIS 행정구역 통계 및 경계 (data.go.kr 15129688),bnd_sigungu_00_2025_2Q.shp,2025_2Q (BASE_DATE 20250630),공공데이터포털 이용허락범위 제한 없음,EPSG:5179
SGIS-32050,태백시,CITY,강원특별자치도,,,37.203601,128.95814,BOUNDARY_INTERIOR_POINT,32050,국가데이터처 SGIS 행정구역 통계 및 경계 (data.go.kr 15129688),bnd_sigungu_00_2025_2Q.shp,2025_2Q (BASE_DATE 20250630),공공데이터포털 이용허락범위 제한 없음,EPSG:5179
SGIS-32060,속초시,CITY,강원특별자치도,,,38.175014,128.515038,BOUNDARY_INTERIOR_POINT,32060,국가데이터처 SGIS 행정구역 통계 및 경계 (data.go.kr 15129688),bnd_sigungu_00_2025_2Q.shp,2025_2Q (BASE_DATE 20250630),공공데이터포털 이용허락범위 제한 없음,EPSG:5179
SGIS-32070,삼척시,CITY,강원특별자치도,,,37.257882,129.173724,BOUNDARY_INTERIOR_POINT,32070,국가데이터처 SGIS 행정구역 통계 및 경계 (data.go.kr 15129688),bnd_sigungu_00_2025_2Q.shp,2025_2Q (BASE_DATE 20250630),공공데이터포털 이용허락범위 제한 없음,EPSG:5179
SGIS-32510,홍천군,COUNTY,강원특별자치도,,,37.74763,128.184416,BOUNDARY_INTERIOR_POINT,32510,국가데이터처 SGIS 행정구역 통계 및 경계 (data.go.kr 15129688),bnd_sigungu_00_2025_2Q.shp,2025_2Q (BASE_DATE 20250630),공공데이터포털 이용허락범위 제한 없음,EPSG:5179
SGIS-32520,횡성군,COUNTY,강원특별자치도,,,37.489582,128.099828,BOUNDARY_INTERIOR_POINT,32520,국가데이터처 SGIS 행정구역 통계 및 경계 (data.go.kr 15129688),bnd_sigungu_00_2025_2Q.shp,2025_2Q (BASE_DATE 20250630),공공데이터포털 이용허락범위 제한 없음,EPSG:5179
SGIS-32530,영월군,COUNTY,강원특별자치도,,,37.219057,128.455573,BOUNDARY_INTERIOR_POINT,32530,국가데이터처 SGIS 행정구역 통계 및 경계 (data.go.kr 15129688),bnd_sigungu_00_2025_2Q.shp,2025_2Q (BASE_DATE 20250630),공공데이터포털 이용허락범위 제한 없음,EPSG:5179
SGIS-32540,평창군,COUNTY,강원특별자치도,,,37.545291,128.441486,BOUNDARY_INTERIOR_POINT,32540,국가데이터처 SGIS 행정구역 통계 및 경계 (data.go.kr 15129688),bnd_sigungu_00_2025_2Q.shp,2025_2Q (BASE_DATE 20250630),공공데이터포털 이용허락범위 제한 없음,EPSG:5179
SGIS-32550,정선군,COUNTY,강원특별자치도,,,37.371871,128.702891,BOUNDARY_INTERIOR_POINT,32550,국가데이터처 SGIS 행정구역 통계 및 경계 (data.go.kr 15129688),bnd_sigungu_00_2025_2Q.shp,2025_2Q (BASE_DATE 20250630),공공데이터포털 이용허락범위 제한 없음,EPSG:5179
SGIS-32560,철원군,COUNTY,강원특별자치도,,,38.219482,127.350476,BOUNDARY_INTERIOR_POINT,32560,국가데이터처 SGIS 행정구역 통계 및 경계 (data.go.kr 15129688),bnd_sigungu_00_2025_2Q.shp,2025_2Q (BASE_DATE 20250630),공공데이터포털 이용허락범위 제한 없음,EPSG:5179
SGIS-32570,화천군,COUNTY,강원특별자치도,,,38.14143,127.686983,BOUNDARY_INTERIOR_POINT,32570,국가데이터처 SGIS 행정구역 통계 및 경계 (data.go.kr 15129688),bnd_sigungu_00_2025_2Q.shp,2025_2Q (BASE_DATE 20250630),공공데이터포털 이용허락범위 제한 없음,EPSG:5179
SGIS-32580,양구군,COUNTY,강원특별자치도,,,38.166345,127.988811,BOUNDARY_INTERIOR_POINT,32580,국가데이터처 SGIS 행정구역 통계 및 경계 (data.go.kr 15129688),bnd_sigungu_00_2025_2Q.shp,2025_2Q (BASE_DATE 20250630),공공데이터포털 이용허락범위 제한 없음,EPSG:5179
SGIS-32590,인제군,COUNTY,강원특별자치도,,,38.100548,128.254147,BOUNDARY_INTERIOR_POINT,32590,국가데이터처 SGIS 행정구역 통계 및 경계 (data.go.kr 15129688),bnd_sigungu_00_2025_2Q.shp,2025_2Q (BASE_DATE 20250630),공공데이터포털 이용허락범위 제한 없음,EPSG:5179
SGIS-32600,고성군,COUNTY,강원특별자치도,,,38.401009,128.358361,BOUNDARY_INTERIOR_POINT,32600,국가데이터처 SGIS 행정구역 통계 및 경계 (data.go.kr 15129688),bnd_sigungu_00_2025_2Q.shp,2025_2Q (BASE_DATE 20250630),공공데이터포털 이용허락범위 제한 없음,EPSG:5179
SGIS-32610,양양군,COUNTY,강원특별자치도,,,38.011551,128.62244,BOUNDARY_INTERIOR_POINT,32610,국가데이터처 SGIS 행정구역 통계 및 경계 (data.go.kr 15129688),bnd_sigungu_00_2025_2Q.shp,2025_2Q (BASE_DATE 20250630),공공데이터포털 이용허락범위 제한 없음,EPSG:5179
SGIS-33020,충주시,CITY,충청북도,,,37.006114,127.868861,BOUNDARY_INTERIOR_POINT,33020,국가데이터처 SGIS 행정구역 통계 및 경계 (data.go.kr 15129688),bnd_sigungu_00_2025_2Q.shp,2025_2Q (BASE_DATE 20250630),공공데이터포털 이용허락범위 제한 없음,EPSG:5179
SGIS-33030,제천시,CITY,충청북도,,,37.034754,128.155511,BOUNDARY_INTERIOR_POINT,33030,국가데이터처 SGIS 행정구역 통계 및 경계 (data.go.kr 15129688),bnd_sigungu_00_2025_2Q.shp,2025_2Q (BASE_DATE 20250630),공공데이터포털 이용허락범위 제한 없음,EPSG:5179
SGIS-33041,청주시 상당구,DISTRICT,충청북도,,,36.569149,127.539696,BOUNDARY_INTERIOR_POINT,33041,국가데이터처 SGIS 행정구역 통계 및 경계 (data.go.kr 15129688),bnd_sigungu_00_2025_2Q.shp,2025_2Q (BASE_DATE 20250630),공공데이터포털 이용허락범위 제한 없음,EPSG:5179
SGIS-33042,청주시 서원구,DISTRICT,충청북도,,,36.547865,127.41539,BOUNDARY_INTERIOR_POINT,33042,국가데이터처 SGIS 행정구역 통계 및 경계 (data.go.kr 15129688),bnd_sigungu_00_2025_2Q.shp,2025_2Q (BASE_DATE 20250630),공공데이터포털 이용허락범위 제한 없음,EPSG:5179
SGIS-33043,청주시 흥덕구,DISTRICT,충청북도,,,36.643383,127.378693,BOUNDARY_INTERIOR_POINT,33043,국가데이터처 SGIS 행정구역 통계 및 경계 (data.go.kr 15129688),bnd_sigungu_00_2025_2Q.shp,2025_2Q (BASE_DATE 20250630),공공데이터포털 이용허락범위 제한 없음,EPSG:5179
SGIS-33044,청주시 청원구,DISTRICT,충청북도,,,36.71256,127.509218,BOUNDARY_INTERIOR_POINT,33044,국가데이터처 SGIS 행정구역 통계 및 경계 (data.go.kr 15129688),bnd_sigungu_00_2025_2Q.shp,2025_2Q (BASE_DATE 20250630),공공데이터포털 이용허락범위 제한 없음,EPSG:5179
SGIS-33520,보은군,COUNTY,충청북도,,,36.491542,127.727556,BOUNDARY_INTERIOR_POINT,33520,국가데이터처 SGIS 행정구역 통계 및 경계 (data.go.kr 15129688),bnd_sigungu_00_2025_2Q.shp,2025_2Q (BASE_DATE 20250630),공공데이터포털 이용허락범위 제한 없음,EPSG:5179
SGIS-33530,옥천군,COUNTY,충청북도,,,36.307959,127.652523,BOUNDARY_INTERIOR_POINT,33530,국가데이터처 SGIS 행정구역 통계 및 경계 (data.go.kr 15129688),bnd_sigungu_00_2025_2Q.shp,2025_2Q (BASE_DATE 20250630),공공데이터포털 이용허락범위 제한 없음,EPSG:5179
SGIS-33540,영동군,COUNTY,충청북도,,,36.164483,127.795445,BOUNDARY_INTERIOR_POINT,33540,국가데이터처 SGIS 행정구역 통계 및 경계 (data.go.kr 15129688),bnd_sigungu_00_2025_2Q.shp,2025_2Q (BASE_DATE 20250630),공공데이터포털 이용허락범위 제한 없음,EPSG:5179
SGIS-33550,진천군,COUNTY,충청북도,,,36.880448,127.441611,BOUNDARY_INTERIOR_POINT,33550,국가데이터처 SGIS 행정구역 통계 및 경계 (data.go.kr 15129688),bnd_sigungu_00_2025_2Q.shp,2025_2Q (BASE_DATE 20250630),공공데이터포털 이용허락범위 제한 없음,EPSG:5179
SGIS-33560,괴산군,COUNTY,충청북도,,,36.774468,127.836347,BOUNDARY_INTERIOR_POINT,33560,국가데이터처 SGIS 행정구역 통계 및 경계 (data.go.kr 15129688),bnd_sigungu_00_2025_2Q.shp,2025_2Q (BASE_DATE 20250630),공공데이터포털 이용허락범위 제한 없음,EPSG:5179
SGIS-33570,음성군,COUNTY,충청북도,,,36.994613,127.552274,BOUNDARY_INTERIOR_POINT,33570,국가데이터처 SGIS 행정구역 통계 및 경계 (data.go.kr 15129688),bnd_sigungu_00_2025_2Q.shp,2025_2Q (BASE_DATE 20250630),공공데이터포털 이용허락범위 제한 없음,EPSG:5179
SGIS-33580,단양군,COUNTY,충청북도,,,36.979918,128.386453,BOUNDARY_INTERIOR_POINT,33580,국가데이터처 SGIS 행정구역 통계 및 경계 (data.go.kr 15129688),bnd_sigungu_00_2025_2Q.shp,2025_2Q (BASE_DATE 20250630),공공데이터포털 이용허락범위 제한 없음,EPSG:5179
SGIS-33590,증평군,COUNTY,충청북도,,,36.780524,127.592659,BOUNDARY_INTERIOR_POINT,33590,국가데이터처 SGIS 행정구역 통계 및 경계 (data.go.kr 15129688),bnd_sigungu_00_2025_2Q.shp,2025_2Q (BASE_DATE 20250630),공공데이터포털 이용허락범위 제한 없음,EPSG:5179
SGIS-34011,천안시 동남구,DISTRICT,충청남도,,,36.756009,127.227055,BOUNDARY_INTERIOR_POINT,34011,국가데이터처 SGIS 행정구역 통계 및 경계 (data.go.kr 15129688),bnd_sigungu_00_2025_2Q.shp,2025_2Q (BASE_DATE 20250630),공공데이터포털 이용허락범위 제한 없음,EPSG:5179
SGIS-34012,천안시 서북구,DISTRICT,충청남도,,,36.879197,127.170944,BOUNDARY_INTERIOR_POINT,34012,국가데이터처 SGIS 행정구역 통계 및 경계 (data.go.kr 15129688),bnd_sigungu_00_2025_2Q.shp,2025_2Q (BASE_DATE 20250630),공공데이터포털 이용허락범위 제한 없음,EPSG:5179
SGIS-34020,공주시,CITY,충청남도,,,36.478553,127.042682,BOUNDARY_INTERIOR_POINT,34020,국가데이터처 SGIS 행정구역 통계 및 경계 (data.go.kr 15129688),bnd_sigungu_00_2025_2Q.shp,2025_2Q (BASE_DATE 20250630),공공데이터포털 이용허락범위 제한 없음,EPSG:5179
SGIS-34030,보령시,CITY,충청남도,,,36.348856,126.62833,BOUNDARY_INTERIOR_POINT,34030,국가데이터처 SGIS 행정구역 통계 및 경계 (data.go.kr 15129688),bnd_sigungu_00_2025_2Q.shp,2025_2Q (BASE_DATE 20250630),공공데이터포털 이용허락범위 제한 없음,EPSG:5179
SGIS-34040,아산시,CITY,충청남도,,,36.795193,126.976776,BOUNDARY_INTERIOR_POINT,34040,국가데이터처 SGIS 행정구역 통계 및 경계 (data.go.kr 15129688),bnd_sigungu_00_2025_2Q.shp,2025_2Q (BASE_DATE 20250630),공공데이터포털 이용허락범위 제한 없음,EPSG:5179
SGIS-34050,서산시,CITY,충청남도,,,36.810699,126.485515,BOUNDARY_INTERIOR_POINT,34050,국가데이터처 SGIS 행정구역 통계 및 경계 (data.go.kr 15129688),bnd_sigungu_00_2025_2Q.shp,2025_2Q (BASE_DATE 20250630),공공데이터포털 이용허락범위 제한 없음,EPSG:5179
SGIS-34060,논산시,CITY,충청남도,,,36.201783,127.157266,BOUNDARY_INTERIOR_POINT,34060,국가데이터처 SGIS 행정구역 통계 및 경계 (data.go.kr 15129688),bnd_sigungu_00_2025_2Q.shp,2025_2Q (BASE_DATE 20250630),공공데이터포털 이용허락범위 제한 없음,EPSG:5179
SGIS-34070,계룡시,CITY,충청남도,,,36.290978,127.224657,BOUNDARY_INTERIOR_POINT,34070,국가데이터처 SGIS 행정구역 통계 및 경계 (data.go.kr 15129688),bnd_sigungu_00_2025_2Q.shp,2025_2Q (BASE_DATE 20250630),공공데이터포털 이용허락범위 제한 없음,EPSG:5179
SGIS-34080,당진시,CITY,충청남도,,,36.907247,126.646374,BOUNDARY_INTERIOR_POINT,34080,국가데이터처 SGIS 행정구역 통계 및 경계 (data.go.kr 15129688),bnd_sigungu_00_2025_2Q.shp,2025_2Q (BASE_DATE 20250630),공공데이터포털 이용허락범위 제한 없음,EPSG:5179
SGIS-34510,금산군,COUNTY,충청남도,,,36.125266,127.469774,BOUNDARY_INTERIOR_POINT,34510,국가데이터처 SGIS 행정구역 통계 및 경계 (data.go.kr 15129688),bnd_sigungu_00_2025_2Q.shp,2025_2Q (BASE_DATE 20250630),공공데이터포털 이용허락범위 제한 없음,EPSG:5179
SGIS-34530,부여군,COUNTY,충청남도,,,36.229147,126.871684,BOUNDARY_INTERIOR_POINT,34530,국가데이터처 SGIS 행정구역 통계 및 경계 (data.go.kr 15129688),bnd_sigungu_00_2025_2Q.shp,2025_2Q (BASE_DATE 20250630),공공데이터포털 이용허락범위 제한 없음,EPSG:5179
SGIS-34540,서천군,COUNTY,충청남도,,,36.096563,126.734801,BOUNDARY_INTERIOR_POINT,34540,국가데이터처 SGIS 행정구역 통계 및 경계 (data.go.kr 15129688),bnd_sigungu_00_2025_2Q.shp,2025_2Q (BASE_DATE 20250630),공공데이터포털 이용허락범위 제한 없음,EPSG:5179
SGIS-34550,청양군,COUNTY,충청남도,,,36.44291,126.847414,BOUNDARY_INTERIOR_POINT,34550,국가데이터처 SGIS 행정구역 통계 및 경계 (data.go.kr 15129688),bnd_sigungu_00_2025_2Q.shp,2025_2Q (BASE_DATE 20250630),공공데이터포털 이용허락범위 제한 없음,EPSG:5179
SGIS-34560,홍성군,COUNTY,충청남도,,,36.565753,126.608145,BOUNDARY_INTERIOR_POINT,34560,국가데이터처 SGIS 행정구역 통계 및 경계 (data.go.kr 15129688),bnd_sigungu_00_2025_2Q.shp,2025_2Q (BASE_DATE 20250630),공공데이터포털 이용허락범위 제한 없음,EPSG:5179
SGIS-34570,예산군,COUNTY,충청남도,,,36.665732,126.850368,BOUNDARY_INTERIOR_POINT,34570,국가데이터처 SGIS 행정구역 통계 및 경계 (data.go.kr 15129688),bnd_sigungu_00_2025_2Q.shp,2025_2Q (BASE_DATE 20250630),공공데이터포털 이용허락범위 제한 없음,EPSG:5179
SGIS-34580,태안군,COUNTY,충청남도,,,36.780574,126.242887,BOUNDARY_INTERIOR_POINT,34580,국가데이터처 SGIS 행정구역 통계 및 경계 (data.go.kr 15129688),bnd_sigungu_00_2025_2Q.shp,2025_2Q (BASE_DATE 20250630),공공데이터포털 이용허락범위 제한 없음,EPSG:5179
SGIS-35011,전주시 완산구,DISTRICT,전북특별자치도,,,35.786041,127.133943,BOUNDARY_INTERIOR_POINT,35011,국가데이터처 SGIS 행정구역 통계 및 경계 (data.go.kr 15129688),bnd_sigungu_00_2025_2Q.shp,2025_2Q (BASE_DATE 20250630),공공데이터포털 이용허락범위 제한 없음,EPSG:5179
SGIS-35012,전주시 덕진구,DISTRICT,전북특별자치도,,,35.852243,127.125451,BOUNDARY_INTERIOR_POINT,35012,국가데이터처 SGIS 행정구역 통계 및 경계 (data.go.kr 15129688),bnd_sigungu_00_2025_2Q.shp,2025_2Q (BASE_DATE 20250630),공공데이터포털 이용허락범위 제한 없음,EPSG:5179
SGIS-35020,군산시,CITY,전북특별자치도,,,35.934159,126.746585,BOUNDARY_INTERIOR_POINT,35020,국가데이터처 SGIS 행정구역 통계 및 경계 (data.go.kr 15129688),bnd_sigungu_00_2025_2Q.shp,2025_2Q (BASE_DATE 20250630),공공데이터포털 이용허락범위 제한 없음,EPSG:5179
SGIS-35030,익산시,CITY,전북특별자치도,,,36.020131,127.004813,BOUNDARY_INTERIOR_POINT,35030,국가데이터처 SGIS 행정구역 통계 및 경계 (data.go.kr 15129688),bnd_sigungu_00_2025_2Q.shp,2025_2Q (BASE_DATE 20250630),공공데이터포털 이용허락범위 제한 없음,EPSG:5179
SGIS-35040,정읍시,CITY,전북특별자치도,,,35.610288,126.906859,BOUNDARY_INTERIOR_POINT,35040,국가데이터처 SGIS 행정구역 통계 및 경계 (data.go.kr 15129688),bnd_sigungu_00_2025_2Q.shp,2025_2Q (BASE_DATE 20250630),공공데이터포털 이용허락범위 제한 없음,EPSG:5179
SGIS-35050,남원시,CITY,전북특별자치도,,,35.431673,127.480531,BOUNDARY_INTERIOR_POINT,35050,국가데이터처 SGIS 행정구역 통계 및 경계 (data.go.kr 15129688),bnd_sigungu_00_2025_2Q.shp,2025_2Q (BASE_DATE 20250630),공공데이터포털 이용허락범위 제한 없음,EPSG:5179
SGIS-35060,김제시,CITY,전북특별자치도,,,35.791863,126.909794,BOUNDARY_INTERIOR_POINT,35060,국가데이터처 SGIS 행정구역 통계 및 경계 (data.go.kr 15129688),bnd_sigungu_00_2025_2Q.shp,2025_2Q (BASE_DATE 20250630),공공데이터포털 이용허락범위 제한 없음,EPSG:5179
SGIS-35510,완주군,COUNTY,전북특별자치도,,,35.874639,127.245379,BOUNDARY_INTERIOR_POINT,35510,국가데이터처 SGIS 행정구역 통계 및 경계 (data.go.kr 15129688),bnd_sigungu_00_2025_2Q.shp,2025_2Q (BASE_DATE 20250630),공공데이터포털 이용허락범위 제한 없음,EPSG:5179
SGIS-35520,진안군,COUNTY,전북특별자치도,,,35.824104,127.456873,BOUNDARY_INTERIOR_POINT,35520,국가데이터처 SGIS 행정구역 통계 및 경계 (data.go.kr 15129688),bnd_sigungu_00_2025_2Q.shp,2025_2Q (BASE_DATE 20250630),공공데이터포털 이용허락범위 제한 없음,EPSG:5179
SGIS-35530,무주군,COUNTY,전북특별자치도,,,35.928336,127.716871,BOUNDARY_INTERIOR_POINT,35530,국가데이터처 SGIS 행정구역 통계 및 경계 (data.go.kr 15129688),bnd_sigungu_00_2025_2Q.shp,2025_2Q (BASE_DATE 20250630),공공데이터포털 이용허락범위 제한 없음,EPSG:5179
SGIS-35540,장수군,COUNTY,전북특별자치도,,,35.652903,127.549377,BOUNDARY_INTERIOR_POINT,35540,국가데이터처 SGIS 행정구역 통계 및 경계 (data.go.kr 15129688),bnd_sigungu_00_2025_2Q.shp,2025_2Q (BASE_DATE 20250630),공공데이터포털 이용허락범위 제한 없음,EPSG:5179
SGIS-35550,임실군,COUNTY,전북특별자치도,,,35.618808,127.261336,BOUNDARY_INTERIOR_POINT,35550,국가데이터처 SGIS 행정구역 통계 및 경계 (data.go.kr 15129688),bnd_sigungu_00_2025_2Q.shp,2025_2Q (BASE_DATE 20250630),공공데이터포털 이용허락범위 제한 없음,EPSG:5179
SGIS-35560,순창군,COUNTY,전북특별자치도,,,35.42822,127.171927,BOUNDARY_INTERIOR_POINT,35560,국가데이터처 SGIS 행정구역 통계 및 경계 (data.go.kr 15129688),bnd_sigungu_00_2025_2Q.shp,2025_2Q (BASE_DATE 20250630),공공데이터포털 이용허락범위 제한 없음,EPSG:5179
SGIS-35570,고창군,COUNTY,전북특별자치도,,,35.438861,126.589506,BOUNDARY_INTERIOR_POINT,35570,국가데이터처 SGIS 행정구역 통계 및 경계 (data.go.kr 15129688),bnd_sigungu_00_2025_2Q.shp,2025_2Q (BASE_DATE 20250630),공공데이터포털 이용허락범위 제한 없음,EPSG:5179
SGIS-35580,부안군,COUNTY,전북특별자치도,,,35.693548,126.70318,BOUNDARY_INTERIOR_POINT,35580,국가데이터처 SGIS 행정구역 통계 및 경계 (data.go.kr 15129688),bnd_sigungu_00_2025_2Q.shp,2025_2Q (BASE_DATE 20250630),공공데이터포털 이용허락범위 제한 없음,EPSG:5179
SGIS-36010,목포시,CITY,전라남도,,,34.811933,126.41163,BOUNDARY_INTERIOR_POINT,36010,국가데이터처 SGIS 행정구역 통계 및 경계 (data.go.kr 15129688),bnd_sigungu_00_2025_2Q.shp,2025_2Q (BASE_DATE 20250630),공공데이터포털 이용허락범위 제한 없음,EPSG:5179
SGIS-36020,여수시,CITY,전라남도,,,34.76225,127.671002,BOUNDARY_INTERIOR_POINT,36020,국가데이터처 SGIS 행정구역 통계 및 경계 (data.go.kr 15129688),bnd_sigungu_00_2025_2Q.shp,2025_2Q (BASE_DATE 20250630),공공데이터포털 이용허락범위 제한 없음,EPSG:5179
SGIS-36030,순천시,CITY,전라남도,,,35.010517,127.37089,BOUNDARY_INTERIOR_POINT,36030,국가데이터처 SGIS 행정구역 통계 및 경계 (data.go.kr 15129688),bnd_sigungu_00_2025_2Q.shp,2025_2Q (BASE_DATE 20250630),공공데이터포털 이용허락범위 제한 없음,EPSG:5179
SGIS-36040,나주시,CITY,전라남도,,,34.991508,126.741771,BOUNDARY_INTERIOR_POINT,36040,국가데이터처 SGIS 행정구역 통계 및 경계 (data.go.kr 15129688),bnd_sigungu_00_2025_2Q.shp,2025_2Q (BASE_DATE 20250630),공공데이터포털 이용허락범위 제한 없음,EPSG:5179
SGIS-36060,광양시,CITY,전라남도,,,35.033074,127.664502,BOUNDARY_INTERIOR_POINT,36060,국가데이터처 SGIS 행정구역 통계 및 경계 (data.go.kr 15129688),bnd_sigungu_00_2025_2Q.shp,2025_2Q (BASE_DATE 20250630),공공데이터포털 이용허락범위 제한 없음,EPSG:5179
SGIS-36510,담양군,COUNTY,전라남도,,,35.290839,126.976326,BOUNDARY_INTERIOR_POINT,36510,국가데이터처 SGIS 행정구역 통계 및 경계 (data.go.kr 15129688),bnd_sigungu_00_2025_2Q.shp,2025_2Q (BASE_DATE 20250630),공공데이터포털 이용허락범위 제한 없음,EPSG:5179
SGIS-36520,곡성군,COUNTY,전라남도,,,35.203262,127.284749,BOUNDARY_INTERIOR_POINT,36520,국가데이터처 SGIS 행정구역 통계 및 경계 (data.go.kr 15129688),bnd_sigungu_00_2025_2Q.shp,2025_2Q (BASE_DATE 20250630),공공데이터포털 이용허락범위 제한 없음,EPSG:5179
SGIS-36530,구례군,COUNTY,전라남도,,,35.230045,127.50177,BOUNDARY_INTERIOR_POINT,36530,국가데이터처 SGIS 행정구역 통계 및 경계 (data.go.kr 15129688),bnd_sigungu_00_2025_2Q.shp,2025_2Q (BASE_DATE 20250630),공공데이터포털 이용허락범위 제한 없음,EPSG:5179
SGIS-36550,고흥군,COUNTY,전라남도,,,34.634627,127.330224,BOUNDARY_INTERIOR_POINT,36550,국가데이터처 SGIS 행정구역 통계 및 경계 (data.go.kr 15129688),bnd_sigungu_00_2025_2Q.shp,2025_2Q (BASE_DATE 20250630),공공데이터포털 이용허락범위 제한 없음,EPSG:5179
SGIS-36560,보성군,COUNTY,전라남도,,,34.811404,127.166635,BOUNDARY_INTERIOR_POINT,36560,국가데이터처 SGIS 행정구역 통계 및 경계 (data.go.kr 15129688),bnd_sigungu_00_2025_2Q.shp,2025_2Q (BASE_DATE 20250630),공공데이터포털 이용허락범위 제한 없음,EPSG:5179
SGIS-36570,화순군,COUNTY,전라남도,,,35.019085,127.030027,BOUNDARY_INTERIOR_POINT,36570,국가데이터처 SGIS 행정구역 통계 및 경계 (data.go.kr 15129688),bnd_sigungu_00_2025_2Q.shp,2025_2Q (BASE_DATE 20250630),공공데이터포털 이용허락범위 제한 없음,EPSG:5179
SGIS-36580,장흥군,COUNTY,전라남도,,,34.650261,126.957391,BOUNDARY_INTERIOR_POINT,36580,국가데이터처 SGIS 행정구역 통계 및 경계 (data.go.kr 15129688),bnd_sigungu_00_2025_2Q.shp,2025_2Q (BASE_DATE 20250630),공공데이터포털 이용허락범위 제한 없음,EPSG:5179
SGIS-36590,강진군,COUNTY,전라남도,,,34.616283,126.770763,BOUNDARY_INTERIOR_POINT,36590,국가데이터처 SGIS 행정구역 통계 및 경계 (data.go.kr 15129688),bnd_sigungu_00_2025_2Q.shp,2025_2Q (BASE_DATE 20250630),공공데이터포털 이용허락범위 제한 없음,EPSG:5179
SGIS-36600,해남군,COUNTY,전라남도,,,34.528689,126.566098,BOUNDARY_INTERIOR_POINT,36600,국가데이터처 SGIS 행정구역 통계 및 경계 (data.go.kr 15129688),bnd_sigungu_00_2025_2Q.shp,2025_2Q (BASE_DATE 20250630),공공데이터포털 이용허락범위 제한 없음,EPSG:5179
SGIS-36610,영암군,COUNTY,전라남도,,,34.802427,126.663608,BOUNDARY_INTERIOR_POINT,36610,국가데이터처 SGIS 행정구역 통계 및 경계 (data.go.kr 15129688),bnd_sigungu_00_2025_2Q.shp,2025_2Q (BASE_DATE 20250630),공공데이터포털 이용허락범위 제한 없음,EPSG:5179
SGIS-36620,무안군,COUNTY,전라남도,,,34.964487,126.465169,BOUNDARY_INTERIOR_POINT,36620,국가데이터처 SGIS 행정구역 통계 및 경계 (data.go.kr 15129688),bnd_sigungu_00_2025_2Q.shp,2025_2Q (BASE_DATE 20250630),공공데이터포털 이용허락범위 제한 없음,EPSG:5179
SGIS-36630,함평군,COUNTY,전라남도,,,35.104346,126.550564,BOUNDARY_INTERIOR_POINT,36630,국가데이터처 SGIS 행정구역 통계 및 경계 (data.go.kr 15129688),bnd_sigungu_00_2025_2Q.shp,2025_2Q (BASE_DATE 20250630),공공데이터포털 이용허락범위 제한 없음,EPSG:5179
SGIS-36640,영광군,COUNTY,전라남도,,,35.299071,126.491987,BOUNDARY_INTERIOR_POINT,36640,국가데이터처 SGIS 행정구역 통계 및 경계 (data.go.kr 15129688),bnd_sigungu_00_2025_2Q.shp,2025_2Q (BASE_DATE 20250630),공공데이터포털 이용허락범위 제한 없음,EPSG:5179
SGIS-36650,장성군,COUNTY,전라남도,,,35.338999,126.769371,BOUNDARY_INTERIOR_POINT,36650,국가데이터처 SGIS 행정구역 통계 및 경계 (data.go.kr 15129688),bnd_sigungu_00_2025_2Q.shp,2025_2Q (BASE_DATE 20250630),공공데이터포털 이용허락범위 제한 없음,EPSG:5179
SGIS-36660,완도군,COUNTY,전라남도,,,34.328704,126.826327,BOUNDARY_INTERIOR_POINT,36660,국가데이터처 SGIS 행정구역 통계 및 경계 (data.go.kr 15129688),bnd_sigungu_00_2025_2Q.shp,2025_2Q (BASE_DATE 20250630),공공데이터포털 이용허락범위 제한 없음,EPSG:5179
SGIS-36670,진도군,COUNTY,전라남도,,,34.469499,126.255493,BOUNDARY_INTERIOR_POINT,36670,국가데이터처 SGIS 행정구역 통계 및 경계 (data.go.kr 15129688),bnd_sigungu_00_2025_2Q.shp,2025_2Q (BASE_DATE 20250630),공공데이터포털 이용허락범위 제한 없음,EPSG:5179
SGIS-36680,신안군,COUNTY,전라남도,,,34.731057,126.126732,BOUNDARY_INTERIOR_POINT,36680,국가데이터처 SGIS 행정구역 통계 및 경계 (data.go.kr 15129688),bnd_sigungu_00_2025_2Q.shp,2025_2Q (BASE_DATE 20250630),공공데이터포털 이용허락범위 제한 없음,EPSG:5179
SGIS-37011,포항시 남구,DISTRICT,경상북도,,,35.96388,129.430853,BOUNDARY_INTERIOR_POINT,37011,국가데이터처 SGIS 행정구역 통계 및 경계 (data.go.kr 15129688),bnd_sigungu_00_2025_2Q.shp,2025_2Q (BASE_DATE 20250630),공공데이터포털 이용허락범위 제한 없음,EPSG:5179
SGIS-37012,포항시 북구,DISTRICT,경상북도,,,36.175572,129.195778,BOUNDARY_INTERIOR_POINT,37012,국가데이터처 SGIS 행정구역 통계 및 경계 (data.go.kr 15129688),bnd_sigungu_00_2025_2Q.shp,2025_2Q (BASE_DATE 20250630),공공데이터포털 이용허락범위 제한 없음,EPSG:5179
SGIS-37020,경주시,CITY,경상북도,,,35.859591,129.208656,BOUNDARY_INTERIOR_POINT,37020,국가데이터처 SGIS 행정구역 통계 및 경계 (data.go.kr 15129688),bnd_sigungu_00_2025_2Q.shp,2025_2Q (BASE_DATE 20250630),공공데이터포털 이용허락범위 제한 없음,EPSG:5179
SGIS-37030,김천시,CITY,경상북도,,,36.043733,128.049229,BOUNDARY_INTERIOR_POINT,37030,국가데이터처 SGIS 행정구역 통계 및 경계 (data.go.kr 15129688),bnd_sigungu_00_2025_2Q.shp,2025_2Q (BASE_DATE 20250630),공공데이터포털 이용허락범위 제한 없음,EPSG:5179
SGIS-37040,안동시,CITY,경상북도,,,36.560761,128.730005,BOUNDARY_INTERIOR_POINT,37040,국가데이터처 SGIS 행정구역 통계 및 경계 (data.go.kr 15129688),bnd_sigungu_00_2025_2Q.shp,2025_2Q (BASE_DATE 20250630),공공데이터포털 이용허락범위 제한 없음,EPSG:5179
SGIS-37050,구미시,CITY,경상북도,,,36.211292,128.364167,BOUNDARY_INTERIOR_POINT,37050,국가데이터처 SGIS 행정구역 통계 및 경계 (data.go.kr 15129688),bnd_sigungu_00_2025_2Q.shp,2025_2Q (BASE_DATE 20250630),공공데이터포털 이용허락범위 제한 없음,EPSG:5179
SGIS-37060,영주시,CITY,경상북도,,,36.88198,128.535286,BOUNDARY_INTERIOR_POINT,37060,국가데이터처 SGIS 행정구역 통계 및 경계 (data.go.kr 15129688),bnd_sigungu_00_2025_2Q.shp,2025_2Q (BASE_DATE 20250630),공공데이터포털 이용허락범위 제한 없음,EPSG:5179
SGIS-37070,영천시,CITY,경상북도,,,36.007624,128.908473,BOUNDARY_INTERIOR_POINT,37070,국가데이터처 SGIS 행정구역 통계 및 경계 (data.go.kr 15129688),bnd_sigungu_00_2025_2Q.shp,2025_2Q (BASE_DATE 20250630),공공데이터포털 이용허락범위 제한 없음,EPSG:5179
SGIS-37080,상주시,CITY,경상북도,,,36.446532,128.098343,BOUNDARY_INTERIOR_POINT,37080,국가데이터처 SGIS 행정구역 통계 및 경계 (data.go.kr 15129688),bnd_sigungu_00_2025_2Q.shp,2025_2Q (BASE_DATE 20250630),공공데이터포털 이용허락범위 제한 없음,EPSG:5179
SGIS-37090,문경시,CITY,경상북도,,,36.692629,128.132985,BOUNDARY_INTERIOR_POINT,37090,국가데이터처 SGIS 행정구역 통계 및 경계 (data.go.kr 15129688),bnd_sigungu_00_2025_2Q.shp,2025_2Q (BASE_DATE 20250630),공공데이터포털 이용허락범위 제한 없음,EPSG:5179
SGIS-37100,경산시,CITY,경상북도,,,35.846826,128.804653,BOUNDARY_INTERIOR_POINT,37100,국가데이터처 SGIS 행정구역 통계 및 경계 (data.go.kr 15129688),bnd_sigungu_00_2025_2Q.shp,2025_2Q (BASE_DATE 20250630),공공데이터포털 이용허락범위 제한 없음,EPSG:5179
SGIS-37520,의성군,COUNTY,경상북도,,,36.361733,128.595647,BOUNDARY_INTERIOR_POINT,37520,국가데이터처 SGIS 행정구역 통계 및 경계 (data.go.kr 15129688),bnd_sigungu_00_2025_2Q.shp,2025_2Q (BASE_DATE 20250630),공공데이터포털 이용허락범위 제한 없음,EPSG:5179
SGIS-37530,청송군,COUNTY,경상북도,,,36.376425,129.094162,BOUNDARY_INTERIOR_POINT,37530,국가데이터처 SGIS 행정구역 통계 및 경계 (data.go.kr 15129688),bnd_sigungu_00_2025_2Q.shp,2025_2Q (BASE_DATE 20250630),공공데이터포털 이용허락범위 제한 없음,EPSG:5179
SGIS-37540,영양군,COUNTY,경상북도,,,36.686126,129.13546,BOUNDARY_INTERIOR_POINT,37540,국가데이터처 SGIS 행정구역 통계 및 경계 (data.go.kr 15129688),bnd_sigungu_00_2025_2Q.shp,2025_2Q (BASE_DATE 20250630),공공데이터포털 이용허락범위 제한 없음,EPSG:5179
SGIS-37550,영덕군,COUNTY,경상북도,,,36.470364,129.29389,BOUNDARY_INTERIOR_POINT,37550,국가데이터처 SGIS 행정구역 통계 및 경계 (data.go.kr 15129688),bnd_sigungu_00_2025_2Q.shp,2025_2Q (BASE_DATE 20250630),공공데이터포털 이용허락범위 제한 없음,EPSG:5179
SGIS-37560,청도군,COUNTY,경상북도,,,35.706844,128.883494,BOUNDARY_INTERIOR_POINT,37560,국가데이터처 SGIS 행정구역 통계 및 경계 (data.go.kr 15129688),bnd_sigungu_00_2025_2Q.shp,2025_2Q (BASE_DATE 20250630),공공데이터포털 이용허락범위 제한 없음,EPSG:5179
SGIS-37570,고령군,COUNTY,경상북도,,,35.732161,128.310465,BOUNDARY_INTERIOR_POINT,37570,국가데이터처 SGIS 행정구역 통계 및 경계 (data.go.kr 15129688),bnd_sigungu_00_2025_2Q.shp,2025_2Q (BASE_DATE 20250630),공공데이터포털 이용허락범위 제한 없음,EPSG:5179
SGIS-37580,성주군,COUNTY,경상북도,,,35.91612,128.225686,BOUNDARY_INTERIOR_POINT,37580,국가데이터처 SGIS 행정구역 통계 및 경계 (data.go.kr 15129688),bnd_sigungu_00_2025_2Q.shp,2025_2Q (BASE_DATE 20250630),공공데이터포털 이용허락범위 제한 없음,EPSG:5179
SGIS-37590,칠곡군,COUNTY,경상북도,,,36.006457,128.464029,BOUNDARY_INTERIOR_POINT,37590,국가데이터처 SGIS 행정구역 통계 및 경계 (data.go.kr 15129688),bnd_sigungu_00_2025_2Q.shp,2025_2Q (BASE_DATE 20250630),공공데이터포털 이용허락범위 제한 없음,EPSG:5179
SGIS-37600,예천군,COUNTY,경상북도,,,36.650844,128.464118,BOUNDARY_INTERIOR_POINT,37600,국가데이터처 SGIS 행정구역 통계 및 경계 (data.go.kr 15129688),bnd_sigungu_00_2025_2Q.shp,2025_2Q (BASE_DATE 20250630),공공데이터포털 이용허락범위 제한 없음,EPSG:5179
SGIS-37610,봉화군,COUNTY,경상북도,,,36.925161,128.899647,BOUNDARY_INTERIOR_POINT,37610,국가데이터처 SGIS 행정구역 통계 및 경계 (data.go.kr 15129688),bnd_sigungu_00_2025_2Q.shp,2025_2Q (BASE_DATE 20250630),공공데이터포털 이용허락범위 제한 없음,EPSG:5179
SGIS-37620,울진군,COUNTY,경상북도,,,36.896713,129.281976,BOUNDARY_INTERIOR_POINT,37620,국가데이터처 SGIS 행정구역 통계 및 경계 (data.go.kr 15129688),bnd_sigungu_00_2025_2Q.shp,2025_2Q (BASE_DATE 20250630),공공데이터포털 이용허락범위 제한 없음,EPSG:5179
SGIS-37630,울릉군,COUNTY,경상북도,,,37.502045,130.860114,BOUNDARY_INTERIOR_POINT,37630,국가데이터처 SGIS 행정구역 통계 및 경계 (data.go.kr 15129688),bnd_sigungu_00_2025_2Q.shp,2025_2Q (BASE_DATE 20250630),공공데이터포털 이용허락범위 제한 없음,EPSG:5179
SGIS-38030,진주시,CITY,경상남도,,,35.200966,128.127976,BOUNDARY_INTERIOR_POINT,38030,국가데이터처 SGIS 행정구역 통계 및 경계 (data.go.kr 15129688),bnd_sigungu_00_2025_2Q.shp,2025_2Q (BASE_DATE 20250630),공공데이터포털 이용허락범위 제한 없음,EPSG:5179
SGIS-38050,통영시,CITY,경상남도,,,34.903161,128.363471,BOUNDARY_INTERIOR_POINT,38050,국가데이터처 SGIS 행정구역 통계 및 경계 (data.go.kr 15129688),bnd_sigungu_00_2025_2Q.shp,2025_2Q (BASE_DATE 20250630),공공데이터포털 이용허락범위 제한 없음,EPSG:5179
SGIS-38060,사천시,CITY,경상남도,,,35.037443,128.108295,BOUNDARY_INTERIOR_POINT,38060,국가데이터처 SGIS 행정구역 통계 및 경계 (data.go.kr 15129688),bnd_sigungu_00_2025_2Q.shp,2025_2Q (BASE_DATE 20250630),공공데이터포털 이용허락범위 제한 없음,EPSG:5179
SGIS-38070,김해시,CITY,경상남도,,,35.273079,128.861389,BOUNDARY_INTERIOR_POINT,38070,국가데이터처 SGIS 행정구역 통계 및 경계 (data.go.kr 15129688),bnd_sigungu_00_2025_2Q.shp,2025_2Q (BASE_DATE 20250630),공공데이터포털 이용허락범위 제한 없음,EPSG:5179
SGIS-38080,밀양시,CITY,경상남도,,,35.493852,128.769677,BOUNDARY_INTERIOR_POINT,38080,국가데이터처 SGIS 행정구역 통계 및 경계 (data.go.kr 15129688),bnd_sigungu_00_2025_2Q.shp,2025_2Q (BASE_DATE 20250630),공공데이터포털 이용허락범위 제한 없음,EPSG:5179
SGIS-38090,거제시,CITY,경상남도,,,34.871609,128.590095,BOUNDARY_INTERIOR_POINT,38090,국가데이터처 SGIS 행정구역 통계 및 경계 (data.go.kr 15129688),bnd_sigungu_00_2025_2Q.shp,2025_2Q (BASE_DATE 20250630),공공데이터포털 이용허락범위 제한 없음,EPSG:5179
SGIS-38100,양산시,CITY,경상남도,,,35.402723,129.051148,BOUNDARY_INTERIOR_POINT,38100,국가데이터처 SGIS 행정구역 통계 및 경계 (data.go.kr 15129688),bnd_sigungu_00_2025_2Q.shp,2025_2Q (BASE_DATE 20250630),공공데이터포털 이용허락범위 제한 없음,EPSG:5179
SGIS-38111,창원시 의창구,DISTRICT,경상남도,,,35.305042,128.635751,BOUNDARY_INTERIOR_POINT,38111,국가데이터처 SGIS 행정구역 통계 및 경계 (data.go.kr 15129688),bnd_sigungu_00_2025_2Q.shp,2025_2Q (BASE_DATE 20250630),공공데이터포털 이용허락범위 제한 없음,EPSG:5179
SGIS-38112,창원시 성산구,DISTRICT,경상남도,,,35.198149,128.670776,BOUNDARY_INTERIOR_POINT,38112,국가데이터처 SGIS 행정구역 통계 및 경계 (data.go.kr 15129688),bnd_sigungu_00_2025_2Q.shp,2025_2Q (BASE_DATE 20250630),공공데이터포털 이용허락범위 제한 없음,EPSG:5179
SGIS-38113,창원시 마산합포구,DISTRICT,경상남도,,,35.139035,128.468239,BOUNDARY_INTERIOR_POINT,38113,국가데이터처 SGIS 행정구역 통계 및 경계 (data.go.kr 15129688),bnd_sigungu_00_2025_2Q.shp,2025_2Q (BASE_DATE 20250630),공공데이터포털 이용허락범위 제한 없음,EPSG:5179
SGIS-38114,창원시 마산회원구,DISTRICT,경상남도,,,35.227062,128.54401,BOUNDARY_INTERIOR_POINT,38114,국가데이터처 SGIS 행정구역 통계 및 경계 (data.go.kr 15129688),bnd_sigungu_00_2025_2Q.shp,2025_2Q (BASE_DATE 20250630),공공데이터포털 이용허락범위 제한 없음,EPSG:5179
SGIS-38115,창원시 진해구,DISTRICT,경상남도,,,35.11933,128.768514,BOUNDARY_INTERIOR_POINT,38115,국가데이터처 SGIS 행정구역 통계 및 경계 (data.go.kr 15129688),bnd_sigungu_00_2025_2Q.shp,2025_2Q (BASE_DATE 20250630),공공데이터포털 이용허락범위 제한 없음,EPSG:5179
SGIS-38510,의령군,COUNTY,경상남도,,,35.385181,128.286122,BOUNDARY_INTERIOR_POINT,38510,국가데이터처 SGIS 행정구역 통계 및 경계 (data.go.kr 15129688),bnd_sigungu_00_2025_2Q.shp,2025_2Q (BASE_DATE 20250630),공공데이터포털 이용허락범위 제한 없음,EPSG:5179
SGIS-38520,함안군,COUNTY,경상남도,,,35.282783,128.441539,BOUNDARY_INTERIOR_POINT,38520,국가데이터처 SGIS 행정구역 통계 및 경계 (data.go.kr 15129688),bnd_sigungu_00_2025_2Q.shp,2025_2Q (BASE_DATE 20250630),공공데이터포털 이용허락범위 제한 없음,EPSG:5179
SGIS-38530,창녕군,COUNTY,경상남도,,,35.526817,128.471388,BOUNDARY_INTERIOR_POINT,38530,국가데이터처 SGIS 행정구역 통계 및 경계 (data.go.kr 15129688),bnd_sigungu_00_2025_2Q.shp,2025_2Q (BASE_DATE 20250630),공공데이터포털 이용허락범위 제한 없음,EPSG:5179
SGIS-38540,고성군,COUNTY,경상남도,,,35.0096,128.321032,BOUNDARY_INTERIOR_POINT,38540,국가데이터처 SGIS 행정구역 통계 및 경계 (data.go.kr 15129688),bnd_sigungu_00_2025_2Q.shp,2025_2Q (BASE_DATE 20250630),공공데이터포털 이용허락범위 제한 없음,EPSG:5179
SGIS-38550,남해군,COUNTY,경상남도,,,34.824098,127.881096,BOUNDARY_INTERIOR_POINT,38550,국가데이터처 SGIS 행정구역 통계 및 경계 (data.go.kr 15129688),bnd_sigungu_00_2025_2Q.shp,2025_2Q (BASE_DATE 20250630),공공데이터포털 이용허락범위 제한 없음,EPSG:5179
SGIS-38560,하동군,COUNTY,경상남도,,,35.127524,127.794449,BOUNDARY_INTERIOR_POINT,38560,국가데이터처 SGIS 행정구역 통계 및 경계 (data.go.kr 15129688),bnd_sigungu_00_2025_2Q.shp,2025_2Q (BASE_DATE 20250630),공공데이터포털 이용허락범위 제한 없음,EPSG:5179
SGIS-38570,산청군,COUNTY,경상남도,,,35.397296,127.907691,BOUNDARY_INTERIOR_POINT,38570,국가데이터처 SGIS 행정구역 통계 및 경계 (data.go.kr 15129688),bnd_sigungu_00_2025_2Q.shp,2025_2Q (BASE_DATE 20250630),공공데이터포털 이용허락범위 제한 없음,EPSG:5179
SGIS-38580,함양군,COUNTY,경상남도,,,35.543464,127.72088,BOUNDARY_INTERIOR_POINT,38580,국가데이터처 SGIS 행정구역 통계 및 경계 (data.go.kr 15129688),bnd_sigungu_00_2025_2Q.shp,2025_2Q (BASE_DATE 20250630),공공데이터포털 이용허락범위 제한 없음,EPSG:5179
SGIS-38590,거창군,COUNTY,경상남도,,,35.712307,127.92582,BOUNDARY_INTERIOR_POINT,38590,국가데이터처 SGIS 행정구역 통계 및 경계 (data.go.kr 15129688),bnd_sigungu_00_2025_2Q.shp,2025_2Q (BASE_DATE 20250630),공공데이터포털 이용허락범위 제한 없음,EPSG:5179
SGIS-38600,합천군,COUNTY,경상남도,,,35.59987,128.167979,BOUNDARY_INTERIOR_POINT,38600,국가데이터처 SGIS 행정구역 통계 및 경계 (data.go.kr 15129688),bnd_sigungu_00_2025_2Q.shp,2025_2Q (BASE_DATE 20250630),공공데이터포털 이용허락범위 제한 없음,EPSG:5179
SGIS-39010,제주시,CITY,제주특별자치도,,,33.419603,126.484474,BOUNDARY_INTERIOR_POINT,39010,국가데이터처 SGIS 행정구역 통계 및 경계 (data.go.kr 15129688),bnd_sigungu_00_2025_2Q.shp,2025_2Q (BASE_DATE 20250630),공공데이터포털 이용허락범위 제한 없음,EPSG:5179
SGIS-39020,서귀포시,CITY,제주특별자치도,,,33.339058,126.595723,BOUNDARY_INTERIOR_POINT,39020,국가데이터처 SGIS 행정구역 통계 및 경계 (data.go.kr 15129688),bnd_sigungu_00_2025_2Q.shp,2025_2Q (BASE_DATE 20250630),공공데이터포털 이용허락범위 제한 없음,EPSG:5179
